Book-Rating,ISBN,count
0.0,0316666343,588
0.0,0060928336,412
0.0,0385504209,396
0.0,044023722X,366
0.0,067976402X,358
0.0,0440214041,349
0.0,0312195516,340
0.0,0804106304,325
0.0,0440211727,323
0.0,0375727345,323
0.0,044021145X,321
0.0,0671027360,317
0.0,0142001740,308
0.0,0316601950,296
0.0,0446672211,290
0.0,0440222656,280
0.0,0060930535,276
0.0,0345337662,276
0.0,0440226430,268
0.0,0440221471,267
0.0,0345370775,266
0.0,0446605239,259
0.0,059035342X,258
0.0,0440236673,258
0.0,0440241073,256
0.0,0440234743,253
0.0,0671021001,251
0.0,0060976845,248
0.0,0312278586,248
0.0,0452282152,248
0.0,044022165X,248
0.0,1400034779,248
0.0,0440225701,246
0.0,006101351X,246
0.0,0671003755,239
0.0,0446606812,238
0.0,0156027321,236
0.0,0743418174,234
0.0,0440220602,233
0.0,0345353145,232
0.0,0345361792,231
0.0,0375706771,227
0.0,0345443284,227
0.0,0440213525,220
0.0,044651652X,216
0.0,068484477X,216
0.0,0446610038,214
0.0,0345417623,212
0.0,0060502258,210
0.0,0385720106,209
0.0,0375707972,209
0.0,0440224764,206
0.0,0385265700,204
0.0,0385492081,203
0.0,0452282829,203
0.0,0140293248,202
0.0,0440206154,199
0.0,0671510053,199
0.0,0060934417,191
0.0,0385484518,191
0.0,0684872153,190
0.0,0345378490,190
0.0,0553572997,189
0.0,0553268880,189
8.0,0316666343,188
0.0,0385335482,187
0.0,0312291639,187
0.0,0786868716,185
0.0,0316284955,185
0.0,0380731851,185
0.0,0553279912,183
0.0,0440224675,183
0.0,0446364193,182
0.0,0316776963,181
0.0,0345391055,181
9.0,0316666343,179
0.0,0375700757,177
0.0,0375726403,176
0.0,0380730138,176
0.0,0446310786,175
0.0,080410753X,175
0.0,0345351525,173
0.0,0060987103,170
0.0,0345380371,169
0.0,0316096199,168
0.0,0060938455,167
0.0,0140244824,166
0.0,0312305060,165
0.0,0440226104,165
0.0,080410526X,164
0.0,0439064872,162
0.0,0449212602,162
0.0,0446611212,160
0.0,0345387651,160
0.0,0316769487,160
0.0,0446608955,160
0.0,0446612545,159
0.0,0345313860,158
0.0,0375725784,158
10.0,0385504209,158
0.0,0743237188,157
0.0,0061009059,157
0.0,0345342968,157
0.0,0679429220,157
0.0,0425167313,156
0.0,0440235596,155
0.0,0671001795,155
0.0,0671027387,154
0.0,0385722206,154
0.0,0553280341,153
0.0,0515131229,153
0.0,0446607657,152
10.0,059035342X,152
0.0,034540288X,152
0.0,0380789035,151
0.0,080411868X,151
0.0,0425175405,151
0.0,0440241537,149
0.0,0440211263,149
0.0,0446601241,148
0.0,0060987561,148
10.0,0316666343,148
0.0,0142000205,148
0.0,051513287X,148
0.0,0345384466,146
0.0,0446605484,145
0.0,0316569321,145
0.0,0804114986,145
0.0,080411109X,144
0.0,0312983271,144
0.0,0380018179,143
0.0,0842329129,142
0.0,0449003795,141
0.0,0451166892,141
0.0,0446611867,141
0.0,0425147622,141
0.0,0446612790,139
0.0,014028009X,139
0.0,0684874350,137
0.0,0425180638,136
0.0,0449907481,136
0.0,0061097101,136
0.0,0425158616,134
0.0,0515132020,134
0.0,0380002930,133
0.0,0805063897,133
0.0,0679746048,133
0.0,0553275976,133
0.0,0425182908,132
0.0,0553579606,131
0.0,0425154092,131
0.0,0451183665,130
0.0,014025448X,129
0.0,0312966091,129
0.0,0060987529,129
0.0,0553582755,129
0.0,0060977493,129
0.0,0786881852,128
0.0,043935806X,128
9.0,0385504209,128
0.0,1558743669,128
0.0,0345402871,128
0.0,0671038184,127
0.0,042511774X,127
0.0,0399501487,127
0.0,0070212570,127
0.0,0553250426,127
0.0,0060915544,127
0.0,0345339703,126
0.0,1559029838,126
0.0,0449005615,126
0.0,0345465083,125
0.0,0425116840,125
0.0,0060392452,125
0.0,0671041789,125
0.0,0446359866,124
0.0,0449221504,124
0.0,0425152251,124
0.0,074343627X,124
0.0,0312924585,123
0.0,0743225406,123
0.0,0425162443,123
0.0,0553280368,123
0.0,0385479565,123
0.0,0062502182,123
0.0,0312976275,122
0.0,0679745203,122
0.0,0312966970,122
0.0,068484267X,122
0.0,0671014196,122
0.0,014023313X,122
0.0,0446606189,121
0.0,0553260111,121
0.0,0385508042,121
0.0,0553580221,121
0.0,0380718332,121
0.0,0316781266,120
0.0,0345339681,120
0.0,0440236703,120
0.0,0671042858,119
0.0,0425169863,119
0.0,0380718340,119
0.0,042516098X,118
0.0,0440224624,118
0.0,0671004573,118
0.0,0671867156,118
0.0,0425133540,117
0.0,0316899984,117
0.0,0515132187,117
0.0,0064407667,117
0.0,034541389X,116
0.0,0451203771,116
0.0,0553271636,116
0.0,0312971346,116
0.0,0446360589,115
0.0,0060959037,115
0.0,0316780375,115
0.0,0140119906,115
0.0,0609804138,115
7.0,0316666343,115
0.0,0446604801,114
0.0,044651862X,114
0.0,055356451X,114
0.0,0385486804,114
0.0,0312995423,114
0.0,0449223612,113
0.0,0440235162,113
0.0,0515130389,113
0.0,038572179X,113
0.0,0871136791,113
0.0,1573229326,113
0.0,0385721420,113
0.0,038079487X,113
0.0,0141000198,112
0.0,0375703055,112
0.0,0425163407,112
9.0,0312195516,111
10.0,043935806X,111
0.0,0380789019,111
0.0,0312980140,111
0.0,0440212561,111
0.0,0449219364,111
0.0,0385335881,111
0.0,044022103X,111
0.0,014029628X,111
0.0,0446607711,110
0.0,155874262X,110
0.0,0671004530,110
0.0,0767900383,110
0.0,0345413903,110
0.0,0449003787,109
0.0,0375702709,109
0.0,0446516538,109
0.0,0375703063,109
0.0,0553284789,109
0.0,0553277472,109
0.0,0553578693,109
0.0,042510107X,108
0.0,0446394521,108
0.0,0140298479,108
0.0,0671758896,108
0.0,0553564528,108
0.0,0425147584,108
0.0,0385474016,107
0.0,0345427637,107
0.0,1400031354,107
0.0,0553279378,107
0.0,0515126772,107
0.0,0449221512,107
0.0,0451184963,107
0.0,0425172546,106
0.0,0425147363,106
0.0,0449223604,106
0.0,0446610399,106
0.0,0449221482,106
0.0,0515128554,105
0.0,0446608815,105
10.0,0446310786,105
0.0,0671673688,105
0.0,0671888587,104
0.0,0312282990,104
0.0,067102423X,104
0.0,0425122123,104
0.0,0767905180,104
0.0,0671024248,104
0.0,034538475X,103
0.0,0312980159,103
0.0,038550120X,103
0.0,0142001805,103
0.0,0679744398,103
0.0,0441569595,102
0.0,031298328X,102
0.0,0425143325,102
0.0,0440223202,102
0.0,0452264464,101
0.0,1573225789,101
0.0,0375703861,101
0.0,0553279556,101
0.0,0345370805,101
0.0,0425083837,100
0.0,0804111359,100
0.0,037570504X,100
0.0,0515128546,100
0.0,0066214122,100
0.0,0743412028,99
0.0,0451203895,99
0.0,0446608890,99
0.0,0425109720,99
0.0,0553582135,99
0.0,0671004565,99
0.0,0767902521,99
0.0,140003065X,99
0.0,0743436210,99
0.0,0060921145,99
0.0,0446606324,98
0.0,0345350499,98
0.0,0553571885,97
0.0,0684848783,97
0.0,0553292722,97
0.0,0553582526,97
0.0,0553273914,97
0.0,0842329218,96
0.0,0440202043,96
0.0,0449221490,96
0.0,0345339738,96
0.0,0345368754,96
8.0,0446672211,96
0.0,0060391626,96
0.0,0553561618,96
0.0,0671568175,96
0.0,051512608X,95
0.0,0446670251,95
0.0,0345348036,95
0.0,0440213290,95
0.0,0451156609,95
0.0,0345339711,94
0.0,0060175400,94
8.0,0060928336,94
0.0,0679735909,94
0.0,0451202341,94
0.0,002542730X,94
0.0,0446365505,94
0.0,0449134482,94
0.0,0553579754,94
0.0,0446611808,93
0.0,0553582747,93
0.0,0446610100,93
0.0,0446603589,93
0.0,0671793489,93
0.0,0345386108,93
0.0,0425115801,93
0.0,0439136369,93
0.0,0515127833,92
0.0,0345439104,92
0.0,042513525X,92
0.0,0312983867,92
0.0,0440224594,92
0.0,0446604666,92
0.0,0553289411,92
0.0,0385336179,92
0.0,0553581554,91
0.0,0553574574,91
0.0,0451524934,91
0.0,0671708635,91
0.0,0446609404,91
0.0,0671894455,90
0.0,0452260116,90
0.0,0385503822,90
0.0,0451160525,90
0.0,0385720955,90
10.0,0312195516,90
0.0,0385505833,90
0.0,0345438329,90
0.0,006016848X,90
0.0,0679772677,90
0.0,0446603716,90
0.0,0553272535,89
0.0,0425158632,89
0.0,0312983824,89
0.0,0440221595,89
0.0,0451172817,89
0.0,0345447840,89
0.0,0375502238,89
0.0,0375705856,89
0.0,0670865796,89
0.0,0451177096,88
0.0,0449219461,88
0.0,0671867091,88
5.0,0971880107,88
0.0,0140067477,88
0.0,0425144429,88
0.0,0553569910,88
0.0,0446364800,88
8.0,0385504209,88
0.0,0345424719,88
0.0,0316089699,88
0.0,0425092917,88
0.0,0373218036,88
0.0,0553582143,87
0.0,0451181379,87
0.0,0671617028,87
0.0,0671867172,87
0.0,0671011367,87
0.0,0671867113,87
0.0,014100018X,87
9.0,0142001740,87
3.0,0971880107,87
0.0,042513699X,87
0.0,055356160X,86
0.0,0553582127,86
0.0,0373825013,86
0.0,0743224574,86
0.0,0446611778,86
10.0,0439139597,86
8.0,044023722X,86
0.0,0380717018,86
0.0,0440180295,86
10.0,0142001740,86
0.0,0446532231,86
0.0,051513628X,86
0.0,031242227X,85
0.0,0425182878,85
0.0,0553573136,85
0.0,0345413350,85
0.0,0385498802,85
0.0,0425184226,85
0.0,0061015725,85
0.0,0451167317,85
0.0,0786817070,85
0.0,0743411250,85
0.0,0425107469,84
0.0,067976397X,84
0.0,0679751521,84
0.0,0425180964,84
0.0,0380710218,84
0.0,0373218397,84
0.0,0671028375,84
0.0,0743460529,84
0.0,0671042572,84
0.0,0671880314,83
0.0,0425124347,83
0.0,0312421273,83
0.0,0312971125,83
0.0,034538184X,83
0.0,0385497466,83
0.0,034543479X,83
0.0,0439139600,83
0.0,067088300X,83
0.0,0553282476,83
0.0,038550926X,83
0.0,034539657X,82
2.0,0971880107,82
0.0,0553580191,82
0.0,038533334X,82
0.0,0441003257,81
0.0,1400031362,81
0.0,0142001430,81
0.0,0446611085,81
0.0,0515135062,81
0.0,0515133973,81
0.0,0345384350,81
0.0,0842342702,81
0.0,0804115761,81
0.0,0060958022,81
0.0,0451186362,81
0.0,0671004107,81
0.0,0449227421,80
0.0,0515121843,80
10.0,0385484518,80
0.0,038082101X,80
10.0,0439136350,80
0.0,0385502532,80
0.0,0156628708,80
0.0,1558745157,79
0.0,0553572326,79
0.0,0316969443,79
0.0,0373218400,79
0.0,0515122734,79
0.0,0440998050,79
8.0,0743418174,79
0.0,0425132951,79
0.0,0440414806,78
0.0,0671004549,78
0.0,0425170349,78
8.0,0452282152,78
0.0,0316781010,78
0.0,0446610542,78
0.0,0425150143,78
0.0,0525947647,78
0.0,0812550706,78
0.0,0373218192,78
0.0,055321313X,78
8.0,0312195516,77
0.0,0449910237,77
0.0,0099771519,77
0.0,0385511612,77
10.0,0345339681,77
0.0,0345422317,77
0.0,0553580930,77
0.0,0452284449,77
0.0,0515124214,77
0.0,0440498058,77
0.0,0786889020,77
0.0,0312243022,77
0.0,0671042262,77
0.0,0743418204,77
0.0,0440219078,77
0.0,0399150897,77
0.0,0743467523,76
0.0,0553569058,76
0.0,0345369947,76
0.0,0151008116,76
0.0,0345378482,76
0.0,0743437640,76
0.0,0425147517,76
8.0,0375727345,75
0.0,0786885688,75
0.0,0425153975,75
0.0,0380820293,75
0.0,0553560247,75
0.0,0345404114,75
0.0,0802139256,75
0.0,0679731148,75
0.0,0786867647,74
0.0,0425145638,74
0.0,0140092323,74
0.0,0345384369,74
0.0,0767905385,74
1.0,0971880107,74
0.0,0399145087,74
0.0,0553578022,74
0.0,0373484003,74
0.0,0679446486,74
0.0,0312974256,74
0.0,0446363251,74
0.0,0553278029,74
0.0,0446603929,74
0.0,0312966806,74
0.0,0425172996,74
0.0,0312990456,74
8.0,0316601950,74
8.0,067976402X,74
0.0,051512317X,74
0.0,0380730847,74
0.0,0684801523,73
0.0,0670894184,73
0.0,0345391802,73
0.0,042517736X,73
0.0,1558744150,73
0.0,038529929X,73
0.0,042518630X,73
0.0,0446609323,73
0.0,0446604275,73
0.0,0385420161,73
0.0,0316789089,73
0.0,0440203856,73
0.0,1551668998,73
0.0,0440217490,73
0.0,0425155404,72
0.0,0452280621,72
0.0,0446675059,72
0.0,0440176484,72
0.0,0060922532,72
0.0,0452282195,72
0.0,0440122090,72
0.0,0374129983,72
0.0,0316602051,72
0.0,0399144463,72
0.0,0316969680,72
0.0,0671683993,72
0.0,0375727132,72
0.0,0451526341,72
0.0,0446356832,72
0.0,0515130966,72
0.0,0440218535,72
0.0,0441172717,71
10.0,0439064872,71
0.0,0812511816,71
8.0,0671003755,71
0.0,0743211375,71
0.0,0446531332,71
0.0,067100042X,71
0.0,055357230X,71
0.0,081297106X,71
0.0,0451206525,71
0.0,0553571818,71
0.0,0515136530,71
0.0,0345435168,71
0.0,1878424319,71
0.0,0060199652,71
0.0,0671537458,71
0.0,038542471X,71
0.0,0060173289,71
0.0,0316782505,71
0.0,0446350982,71
0.0,1558744630,71
0.0,0345413865,70
0.0,0380710722,70
0.0,0670880728,70
0.0,0671693816,70
0.0,0451176464,70
0.0,0375706410,70
0.0,0399147195,70
8.0,0142001740,70
0.0,0425178765,70
0.0,0671002481,70
0.0,0446605581,70
0.0,0671701231,70
0.0,0553569155,70
10.0,0345361792,70
0.0,034538430X,70
0.0,0425189864,70
0.0,0345404769,70
0.0,0312422156,70
0.0,0671027662,70
8.0,0312278586,70
0.0,0380813815,70
0.0,0446602620,70
0.0,0802130208,70
0.0,0451197747,70
0.0,0743418131,70
0.0,0743203631,69
0.0,0425192733,69
0.0,0515133302,69
0.0,0553263226,69
0.0,0684865742,69
0.0,089480829X,69
10.0,0439136369,69
0.0,0345413881,69
0.0,0373244487,69
0.0,0671727583,69
0.0,038549081X,69
0.0,0374199698,69
8.0,0671027360,69
0.0,0312265867,69
0.0,0553583980,69
0.0,0399146431,69
0.0,0060008032,69
0.0,0385730586,69
0.0,0446613266,69
0.0,0345348109,69
0.0,0451188454,68
0.0,0399146253,68
10.0,0590353403,68
0.0,0670892963,68
0.0,0743457358,68
0.0,006109921X,68
0.0,0425157539,68
0.0,0425151875,68
0.0,0553375407,68
0.0,0425136981,68
0.0,0061097314,68
0.0,0743227441,68
0.0,0375506039,68
0.0,0515118656,68
0.0,0671670689,68
0.0,0140179836,68
0.0,0451205421,68
0.0,0316602906,67
0.0,0446604402,67
8.0,0156027321,67
0.0,0312924801,67
0.0,0515136379,67
0.0,0451186923,67
0.0,0385490992,67
0.0,0671727796,67
0.0,0515120618,67
0.0,0385424728,67
10.0,0786868716,67
0.0,0451192001,67
0.0,0842329242,67
0.0,0671525743,67
0.0,0449203794,67
0.0,0425165701,67
0.0,0440200563,67
0.0,0316168688,67
0.0,0446679593,67
0.0,0446605409,66
0.0,0671741195,66
0.0,0425174271,66
10.0,0345339703,66
0.0,0553583441,66
0.0,0446607193,66
0.0,0553582658,66
0.0,0312982518,66
0.0,051511992X,66
0.0,0425121631,66
0.0,0399149325,66
0.0,0440201926,66
0.0,0345298349,66
9.0,0452282152,66
0.0,0373484224,66
0.0,0316693200,66
6.0,0971880107,66
0.0,0316788228,65
0.0,0671014919,65
0.0,0679731725,65
0.0,0375412824,65
0.0,0767915054,65
0.0,044661064X,65
0.0,0156006529,65
0.0,0446525502,65
0.0,0553579983,65
0.0,0425185710,65
0.0,0345413873,65
0.0,0452269571,65
0.0,067101420X,65
0.0,0688177751,65
8.0,0804106304,65
9.0,059035342X,65
0.0,0553295977,65
0.0,0316693235,65
0.0,0743437802,65
0.0,0446604232,65
0.0,0140254544,65
0.0,0446606383,64
0.0,0345386132,64
0.0,038542017X,64
0.0,0425118703,64
0.0,0451207521,64
0.0,0515135739,64
0.0,1592400876,64
10.0,0439064864,64
0.0,0373484429,64
0.0,0446530522,64
0.0,0679444815,64
0.0,0440200989,64
0.0,0671741187,64
0.0,0553265741,64
0.0,0399149155,64
0.0,0440207622,64
0.0,0425161242,64
0.0,0553586122,64
0.0,0425192725,64
0.0,0671026011,64
0.0,0425140032,64
0.0,0671886665,63
0.0,0312978383,63
0.0,0451151259,63
8.0,0440241073,63
0.0,006019491X,63
0.0,0345354621,63
0.0,0385472951,63
0.0,0452283205,63
0.0,0345354613,63
0.0,0515124893,63
0.0,0345446860,63
0.0,0446609943,63
0.0,0451170385,63
0.0,0060740450,63
0.0,0553576801,63
0.0,0425142485,63
0.0,0345397819,63
0.0,0316693006,63
0.0,0425167720,63
0.0,0553285785,63
0.0,0804108749,63
0.0,0425146413,63
0.0,080411918X,63
0.0,0804105820,62
0.0,0380814021,62
0.0,0553572210,62
0.0,0688177859,62
0.0,0553296981,62
0.0,0425178102,62
0.0,0743439740,62
0.0,0375760911,62
0.0,0425100650,62
0.0,0425130711,62
9.0,0671027360,62
0.0,0446608602,62
0.0,0671743058,62
0.0,0440204194,62
0.0,0385475721,62
8.0,044021145X,62
0.0,080411935X,62
0.0,0440211891,62
0.0,0312144075,62
0.0,0142004235,62
0.0,0553569031,62
0.0,0140177396,62
0.0,0446353205,62
0.0,034540761X,62
0.0,0515113328,61
0.0,042510687X,61
0.0,0440224829,61
0.0,0743206045,61
0.0,0380012863,61
0.0,0373243286,61
0.0,0451153553,61
10.0,0446672211,61
0.0,0373484410,61
0.0,0425162788,61
0.0,0451169530,61
0.0,0064400557,61
0.0,0440236738,61
0.0,0156028778,61
0.0,0375705198,61
0.0,0373484232,61
0.0,0440241162,61
0.0,0440193613,60
0.0,0553250531,60
0.0,0446520802,60
0.0,0842329250,60
0.0,0446602213,60
10.0,0060928336,60
7.0,0971880107,60
0.0,0446601640,60
0.0,0394820371,60
0.0,0446608653,60
0.0,0446610550,60
0.0,0553213172,60
0.0,0345404777,60
0.0,0425178579,60
0.0,0449006522,60
8.0,0440211727,60
10.0,0316769487,60
0.0,0060932759,60
0.0,0060512822,60
0.0,0451204530,60
0.0,0345436911,60
8.0,0671021001,60
8.0,0060930535,60
0.0,0345314255,60
0.0,0425161722,59
0.0,0553213148,59
0.0,0552998486,59
0.0,0425151867,59
9.0,0446672211,59
0.0,0671028367,59
0.0,0451188462,59
0.0,0446611476,59
8.0,059035342X,59
0.0,0671024094,59
0.0,0452268060,59
0.0,1573229725,59
0.0,0553578685,59
8.0,0446610038,59
0.0,055356773X,59
0.0,0385493800,59
9.0,0060928336,59
0.0,0440183057,59
0.0,0312244266,59
9.0,0156027321,59
0.0,0316666009,59
0.0,0679734775,59
0.0,0553575104,59
0.0,0449002632,59
10.0,0446605239,59
0.0,0440124344,59
0.0,067164257X,58
0.0,0425152898,58
0.0,0425126064,58
0.0,0446519138,58
0.0,0440215625,58
0.0,0440236851,58
0.0,0812543262,58
4.0,0971880107,58
0.0,0330332775,58
0.0,0679433740,58
0.0,0345366239,58
0.0,0330375253,58
0.0,0451169522,58
0.0,0440221315,58
0.0,0441790348,58
0.0,0684867621,58
0.0,1401088945,58
0.0,0316777722,58
0.0,0061031992,58
0.0,0425119653,58
0.0,0440225825,58
0.0,0425189031,58
0.0,0446607207,58
0.0,1565122968,58
0.0,0385512104,58
0.0,0345441133,58
0.0,1400031346,58
10.0,0671027360,58
0.0,0061020710,58
0.0,0316678104,58
0.0,0439139597,57
0.0,0425173534,57
0.0,0671695142,57
0.0,0553578308,57
0.0,0345384377,57
0.0,0345422384,57
0.0,0451208765,57
0.0,0449005836,57
0.0,0515132136,57
0.0,0312952716,57
0.0,0446354732,57
0.0,0425121259,57
0.0,0440224705,57
0.0,0670030643,57
0.0,0425137562,57
0.0,051512219X,57
0.0,0515087122,57
0.0,0061091790,57
0.0,006099486X,57
0.0,0061098795,57
0.0,0451180232,57
0.0,0316777730,57
0.0,044011585X,57
0.0,0061099732,56
0.0,0061099708,56
0.0,0679439382,56
0.0,0425166619,56
0.0,1551666839,56
0.0,0446604844,56
0.0,0671034022,56
0.0,002026478X,56
8.0,0345370775,56
0.0,0671797050,56
0.0,015100692X,56
0.0,0345441036,56
0.0,0385508417,56
0.0,0316693286,56
0.0,0786866586,56
0.0,0373483503,56
0.0,0439136350,56
0.0,0425120279,56
0.0,1551669293,56
0.0,0064407675,56
0.0,0061030597,56
0.0,059045367X,56
0.0,0385503857,56
0.0,0553290789,56
0.0,0553584375,56
0.0,0440224845,56
0.0,0380817691,56
0.0,0345334531,56
0.0,0345452569,56
0.0,0449912558,56
0.0,0451163524,56
7.0,0385504209,55
0.0,0804106436,55
0.0,0425168220,55
0.0,0375413634,55
0.0,0425171396,55
0.0,0060926317,55
0.0,038531258X,55
0.0,0446600415,55
0.0,0684833395,55
0.0,0312274920,55
0.0,0887307876,55
0.0,0553583468,55
0.0,0671038443,55
10.0,0345342968,55
0.0,0553274295,55
0.0,0316693251,55
0.0,0316182540,55
0.0,0345447867,55
0.0,0452281903,55
0.0,0425177173,55
0.0,0553260960,55
0.0,042517400X,55
0.0,0156007479,55
0.0,0679735771,55
0.0,0312986343,55
0.0,0373483694,55
0.0,0061000175,55
0.0,0553573209,55
0.0,0375703764,55
0.0,0440224837,55
0.0,055358264X,55
0.0,0449217264,55
0.0,0446667900,55
0.0,0440178002,55
0.0,0061096113,55
0.0,0375500510,55
0.0,0553212583,54
0.0,0671027581,54
0.0,0553569570,54
0.0,0425155943,54
0.0,1551660717,54
0.0,0743456866,54
9.0,0743418174,54
0.0,155166674X,54
0.0,0060096195,54
0.0,1576737330,54
7.0,0316601950,54
0.0,0440209412,54
0.0,0553096834,54
0.0,0425181103,54
0.0,0449205878,54
0.0,0380727501,54
0.0,080213825X,54
0.0,0786862564,54
0.0,0671695169,54
0.0,0451163966,54
0.0,0425179613,54
0.0,0451202317,54
0.0,0385472943,53
0.0,0553575090,53
0.0,0553574663,53
0.0,0385720920,53
0.0,0679442790,53
0.0,0380726254,53
0.0,0553584510,53
0.0,0345396936,53
0.0,0553295772,53
0.0,0446613843,53
0.0,0385503954,53
0.0,0380600129,53
0.0,0374100128,53
0.0,0312963009,53
0.0,0345392825,53
0.0,0553264079,53
0.0,0553210092,53
0.0,0345445848,53
0.0,0786890436,53
9.0,067976402X,53
10.0,0060930535,53
0.0,0451191145,53
0.0,0451137965,53
0.0,0553274503,53
0.0,0425104346,53
0.0,0425141233,53
0.0,0440224853,53
0.0,0440222842,53
0.0,0671759329,53
0.0,0440111811,53
0.0,044023669X,53
0.0,0439404371,53
0.0,0425171884,53
0.0,0425113884,53
0.0,0590660543,53
0.0,0399141146,53
0.0,0440224780,53
0.0,1573225517,53
0.0,039592720X,53
0.0,0064472272,53
0.0,0446343455,53
0.0,0425183971,53
0.0,0446360856,53
0.0,006092988X,53
0.0,067169507X,53
8.0,1400034779,52
7.0,0452282152,52
0.0,0380977788,52
0.0,0553574086,52
0.0,0312265859,52
0.0,0525946829,52
0.0,0446525537,52
0.0,0425168298,52
0.0,0446527793,52
0.0,0553582763,52
0.0,0061031070,52
0.0,0425179885,52
0.0,0446359750,52
0.0,0312150601,52
8.0,0316769487,52
0.0,0553580884,52
0.0,0609610597,52
0.0,0451203593,52
0.0,0553258001,52
0.0,0671695126,52
0.0,0385314698,52
9.0,0060930535,52
0.0,0425132048,52
0.0,0425181464,52
0.0,0553576925,52
0.0,0425133516,52
0.0,0805019375,52
0.0,0805059555,52
0.0,0140042598,52
7.0,044023722X,52
0.0,0425131769,52
0.0,0671011375,52
8.0,0345337662,52
0.0,0671759345,52
0.0,0440217563,52
0.0,038072118X,52
0.0,0312983298,52
0.0,0671000314,51
0.0,0553578316,51
0.0,0446527165,51
0.0,0312979096,51
0.0,076790592X,51
0.0,043936213X,51
0.0,0451209907,51
0.0,0515131083,51
0.0,042518109X,51
0.0,0061000043,51
0.0,1558745718,51
0.0,0440213029,51
0.0,0553299506,51
0.0,0451184718,51
0.0,0553287737,51
0.0,0385336810,51
0.0,0446608262,51
0.0,0345444884,51
0.0,0425191184,51
0.0,0671864173,51
0.0,0446350109,51
0.0,0671789422,51
0.0,0449227545,51
0.0,0449225151,51
0.0,1573227331,51
0.0,0380703882,51
0.0,0446611611,51
0.0,0446600474,51
0.0,0446613436,51
0.0,055357227X,51
0.0,006098824X,51
0.0,0671028383,51
0.0,0515115649,51
0.0,0440226414,51
0.0,0515120006,50
0.0,0671867164,50
0.0,0385335830,50
0.0,042518286X,50
0.0,0425165566,50
0.0,0451180429,50
7.0,0312195516,50
0.0,0440236053,50
0.0,0440213282,50
0.0,0312978367,50
0.0,0060085444,50
0.0,051511264X,50
0.0,0451191013,50
0.0,055328942X,50
10.0,0439139600,50
10.0,0345339738,50
0.0,0385424736,50
0.0,0553287303,50
0.0,0345303067,50
0.0,0316603287,50
0.0,0670805149,50
0.0,1573229571,50
0.0,0743206029,50
0.0,0385510438,50
0.0,0345334019,50
0.0,0552999458,50
0.0,0446604658,50
0.0,0060929871,50
0.0,0440185327,50
0.0,0743211383,50
0.0,074322535X,50
0.0,0380714752,50
0.0,0440207770,50
0.0,0345389964,50
0.0,0061092045,50
0.0,0679448594,50
0.0,0316781142,50
0.0,0767905202,50
0.0,0553574671,50
0.0,1551668246,50
0.0,0312979479,50
0.0,1551668912,50
0.0,0440217466,50
0.0,0446673544,50
0.0,0670878847,50
0.0,0061098361,49
0.0,0441005489,49
0.0,0425177351,49
0.0,0451204948,49
0.0,0425158594,49
0.0,0451173139,49
0.0,0684195488,49
8.0,0671510053,49
0.0,0590353403,49
0.0,0743235150,49
0.0,0553211404,49
0.0,0312201656,49
0.0,1551668653,49
0.0,0375414053,49
0.0,0440221501,49
0.0,0440224772,49
0.0,0553560441,49
0.0,0515119202,49
9.0,0804106304,49
0.0,0767916069,49
0.0,0671741209,49
0.0,0316168815,49
0.0,0553208845,49
0.0,0380820447,49
0.0,0553099558,49
0.0,0061099325,49
0.0,0330262130,49
0.0,0345435796,49
0.0,0425136191,49
0.0,0345425308,49
0.0,0451204301,49
0.0,0440216745,49
0.0,0671000306,49
0.0,0449005909,49
0.0,0373243790,49
0.0,034536676X,49
0.0,044661193X,49
0.0,067103619X,49
0.0,080410946X,49
0.0,0446602612,49
0.0,0440217520,49
0.0,0743417682,49
0.0,0553576798,49
0.0,0786866276,49
0.0,0345409973,49
0.0,0440184053,49
0.0,0515129933,48
0.0,0553575538,48
0.0,1551669498,48
0.0,0671250671,48
0.0,0440108268,48
0.0,0449910571,48
0.0,0312147015,48
0.0,0821769278,48
0.0,0515127221,48
0.0,067101417X,48
0.0,1558743316,48
8.0,0439064872,48
0.0,0440221099,48
0.0,0440236061,48
0.0,0140257934,48
0.0,0553563521,48
0.0,1551668300,48
8.0,0060976845,48
0.0,0425128164,48
0.0,0671553046,48
0.0,0515130044,48
0.0,000649840X,48
0.0,0553562614,48
0.0,0425144372,48
8.0,0440226430,48
0.0,0440225299,48
0.0,0375412530,48
0.0,0440237025,48
0.0,0440117437,48
0.0,0375504397,48
0.0,0515120871,48
0.0,0441478123,48
0.0,0451142934,48
0.0,0316693324,48
0.0,0515132268,48
0.0,0684862719,48
0.0,0440940001,48
0.0,0446606243,48
10.0,0440212561,48
0.0,0679723161,48
0.0,0553801430,48
8.0,0316284955,48
0.0,0553278002,48
0.0,0060916508,48
0.0,0679721886,48
0.0,0812550757,47
0.0,0451190491,47
0.0,0679742298,47
0.0,0842329269,47
10.0,0812550706,47
0.0,0446609145,47
0.0,0441783589,47
0.0,0345404785,47
0.0,0345317580,47
0.0,0399141464,47
0.0,0671519816,47
0.0,0380001411,47
0.0,0440217547,47
0.0,0312958129,47
0.0,0684810387,47
9.0,0385492081,47
0.0,0440235154,47
0.0,0440167531,47
0.0,0684835983,47
0.0,0345416260,47
0.0,0140280553,47
0.0,0812570944,47
0.0,0440223237,47
0.0,0805036504,47
0.0,0671036505,47
8.0,0060502258,47
0.0,0345345738,47
0.0,0440220424,47
8.0,0385722206,47
0.0,0061099341,47
0.0,0804114609,47
0.0,0440224861,47
0.0,1558531025,47
0.0,0446518581,47
0.0,0425098648,47
0.0,0743448642,47
8.0,0440221471,47
0.0,0515119644,46
0.0,0671880187,46
8.0,0786868716,46
0.0,0425148297,46
8.0,0440206154,46
0.0,0140042393,46
0.0,0060188731,46
0.0,0553380095,46
8.0,0060938455,46
0.0,0679419462,46
0.0,042515601X,46
0.0,0380716542,46
0.0,0590453653,46
7.0,0060928336,46
0.0,0440224810,46
0.0,0064400581,46
10.0,0380002930,46
0.0,0061031429,46
0.0,0805036377,46
0.0,0515121495,46
0.0,0345413369,46
8.0,0345417623,46
0.0,0061013315,46
0.0,0449911004,46
0.0,0425169693,46
8.0,0380789035,46
7.0,0345337662,46
0.0,0440214114,46
0.0,0446527785,46
8.0,0060392452,46
0.0,0515129941,46
8.0,0316096199,46
9.0,0439064872,46
8.0,0312291639,46
0.0,0345433491,46
0.0,0449223043,46
0.0,0446523569,46
0.0,0553572512,46
0.0,038000321X,46
8.0,0452282829,46
0.0,0525945938,46
0.0,0061030635,46
0.0,0446609617,46
0.0,0312288115,46
0.0,0440220793,46
0.0,0061031410,46
0.0,0385234104,46
0.0,0553572202,46
0.0,0142002267,46
0.0,0446530077,46
0.0,0446610178,46
10.0,0842329129,46
0.0,0446670111,46
10.0,067976402X,46
0.0,0671749412,46
0.0,0425163385,46
0.0,0553280945,45
8.0,0440214041,45
0.0,0451124383,45
8.0,0440220602,45
0.0,0553568701,45
0.0,0515119784,45
0.0,0804102988,45
8.0,0375706771,45
0.0,0670869902,45
0.0,0312955006,45
0.0,0385494246,45
0.0,0451132378,45
0.0,0310205719,45
0.0,0375719180,45
8.0,0767902521,45
0.0,0425191583,45
0.0,0553568760,45
0.0,0373250282,45
0.0,0385490445,45
0.0,0671534718,45
0.0,044900371X,45
0.0,0451169514,45
0.0,0553272837,45
0.0,0385413041,45
0.0,0345409329,45
0.0,0553280414,45
0.0,044020562X,45
0.0,0440204887,45
0.0,0446387878,45
7.0,0440226430,45
7.0,0345370775,45
0.0,0553583956,45
0.0,0670894508,45
0.0,0515090506,45
0.0,0553296124,45
9.0,0316601950,45
0.0,0515093556,45
0.0,0380817446,45
0.0,0684857820,45
0.0,0451155750,45
7.0,0375727345,45
0.0,055358099X,45
0.0,051511779X,45
0.0,0345453816,45
0.0,0517122707,45
0.0,0440166497,45
0.0,0553575384,45
7.0,0446672211,45
0.0,0671025333,44
0.0,1885171080,44
0.0,0515114693,44
0.0,0425134350,44
0.0,0449149986,44
10.0,0345339711,44
0.0,0451184726,44
0.0,0060964049,44
0.0,0060529709,44
0.0,0440944597,44
0.0,0804115613,44
0.0,0671016652,44
0.0,0380778556,44
0.0,0316779423,44
0.0,0345311396,44
0.0,006109868X,44
0.0,0684814994,44
0.0,0684810395,44
0.0,0439064864,44
9.0,0345337662,44
0.0,0452281784,44
0.0,0440235774,44
8.0,068484477X,44
9.0,0446310786,44
0.0,0425114236,44
0.0,0786868619,44
0.0,0156007754,44
0.0,0821769367,44
0.0,0553572040,44
0.0,0553560271,44
0.0,044023574X,44
10.0,0156027321,44
0.0,0446603422,44
0.0,0553802496,44
0.0,051512463X,44
0.0,0151002290,44
0.0,0449223345,44
0.0,0446363669,44
0.0,0826308791,44
0.0,0451454243,44
0.0,0380820889,44
0.0,0515127396,44
0.0,0345409876,44
0.0,0451176723,44
0.0,0553096060,44
0.0,0451197399,44
8.0,0061009059,44
0.0,0743407083,44
0.0,0515118559,44
0.0,0441627404,44
8.0,0060934417,44
0.0,0515120898,44
0.0,0399143947,44
0.0,0345388771,44
0.0,0553281798,44
0.0,0385315236,44
0.0,039914465X,44
8.0,0385484518,44
8.0,0385335482,44
9.0,0316769487,43
0.0,0765341972,43
0.0,0515125628,43
0.0,0515134384,43
0.0,0446679364,43
0.0,0345422392,43
0.0,0425137457,43
0.0,0440236819,43
0.0,0385319037,43
0.0,0767907817,43
0.0,0440514428,43
0.0,0312960344,43
0.0,0446525774,43
9.0,0786868716,43
0.0,0440237262,43
0.0,0449206475,43
0.0,0028604199,43
0.0,0394742117,43
9.0,0345342968,43
8.0,0060959037,43
0.0,1551669374,43
0.0,0553571656,43
0.0,1551664348,43
0.0,0440225817,43
0.0,0679720200,43
0.0,0671034006,43
0.0,0671527215,43
0.0,0440439884,43
0.0,0553573403,43
0.0,0671793535,43
0.0,0553280589,43
0.0,0590453688,43
0.0,0061099694,43
0.0,0345452534,43
0.0,0451162072,43
0.0,0553584049,43
0.0,0553581023,43
0.0,0515090174,43
0.0,0449215296,43
0.0,0385509456,43
0.0,0446365386,43
0.0,0449221180,43
0.0,0156005891,43
0.0,0891073906,43
0.0,0451167538,43
0.0,0553560735,43
0.0,0440213991,43
0.0,0553285343,43
0.0,0671822209,43
0.0,0140067779,43
0.0,0671670646,43
0.0,0446603309,43
0.0,0553580388,43
0.0,0553213105,43
0.0,0894805770,43
0.0,0425155722,43
0.0,0515111279,43
0.0,0449223795,42
0.0,044021422X,42
0.0,0553566032,42
0.0,0312963297,42
0.0,1558744606,42
10.0,0060938455,42
0.0,0446354678,42
0.0,0446329894,42
0.0,0684832291,42
0.0,0515134368,42
0.0,0316690619,42
0.0,0446802204,42
0.0,051510521X,42
10.0,0452282152,42
0.0,0440127793,42
0.0,0553288342,42
0.0,039914739X,42
0.0,0821770209,42
0.0,0451190572,42
0.0,0061093327,42
0.0,0440205573,42
0.0,0140270590,42
0.0,1551667010,42
0.0,0684801469,42
0.0,0446600660,42
0.0,0375401598,42
0.0,0553377868,42
0.0,0671534645,42
7.0,0440214041,42
0.0,0515093203,42
10.0,0345337662,42
0.0,0449213943,42
7.0,0671021001,42
0.0,0553297260,42
0.0,0373250126,42
0.0,0345300203,42
0.0,0553573616,42
0.0,0679454489,42
0.0,0375502025,42
0.0,0440212812,42
0.0,0671024108,42
0.0,0440967694,42
0.0,0553579835,42
0.0,0064401847,42
0.0,0515128600,42
0.0,0553269631,42
0.0,0440226406,42
0.0,0345442822,42
0.0,0743469801,42
0.0,0671670662,42
10.0,0345417623,42
0.0,0451180216,42
0.0,0060505885,42
0.0,051511054X,41
0.0,0345459202,41
8.0,0345361792,41
0.0,0553582364,41
0.0,0804107491,41
8.0,0375707972,41
0.0,0553562738,41
0.0,0449006344,41
0.0,0060929790,41
0.0,0446600342,41
0.0,0451146425,41
0.0,0440208459,41
0.0,0451199685,41
0.0,0440225078,41
0.0,0440209803,41
7.0,0671003755,41
0.0,0440241413,41
10.0,0684874350,41
0.0,0451124340,41
0.0,0451141083,41
9.0,044023722X,41
0.0,0446603392,41
9.0,0060987103,41
0.0,0446678457,41
0.0,0553213164,41
0.0,0385324057,41
0.0,0380730820,41
0.0,0446613053,41
0.0,0553574639,41
0.0,0451166582,41
0.0,0385722435,41
0.0,0440173922,41
0.0,0446364266,41
0.0,0425097722,41
0.0,0425158640,41
0.0,0515090166,41
0.0,0451168615,41
0.0,067168390X,41
0.0,0061030430,41
0.0,0440237300,41
0.0,0553278398,41
0.0,0671776975,41
0.0,0679412956,41
0.0,0380710811,41
0.0,0812517725,41
0.0,0374172897,41
0.0,0316603570,41
0.0,0451160533,41
0.0,0373483899,41
0.0,0515095826,41
0.0,034537536X,41
0.0,0743225325,41
0.0,0446604089,41
0.0,0374121230,41
0.0,0804113475,41
0.0,0425077047,40
0.0,0440236665,40
0.0,0553278274,40
0.0,0679736042,40
0.0,0688170528,40
0.0,0060009241,40
0.0,1551669153,40
0.0,006109918X,40
0.0,0671723650,40
8.0,0385486804,40
0.0,0345389417,40
0.0,044922046X,40
0.0,014038572X,40
0.0,0385509510,40
0.0,0786861347,40
0.0,0671023616,40
0.0,0425125467,40
0.0,0380701340,40
0.0,0679751602,40
0.0,0345446666,40
7.0,0312278586,40
0.0,0312978332,40
0.0,0425127583,40
0.0,0345413377,40
0.0,0451191153,40
0.0,0345422406,40
0.0,0425183750,40
0.0,0440174643,40
0.0,0385475713,40
0.0,0345402308,40
0.0,0515116750,40
0.0,0553565915,40
7.0,0440206154,40
0.0,0671001701,40
0.0,0425135721,40
0.0,1400032717,40
0.0,0446611239,40
8.0,0804114986,40
0.0,0312961324,40
0.0,0671868691,40
8.0,0971880107,40
7.0,0060976845,40
0.0,0451162145,40
0.0,067189109X,40
0.0,0743411331,40
7.0,0671027360,40
0.0,0440170796,40
0.0,0515109509,40
0.0,0449149676,40
0.0,0743431030,40
0.0,0684195984,40
0.0,0345452550,40
8.0,0805063897,40
0.0,0380727293,40
0.0,0425146812,40
0.0,0099245027,40
0.0,0553576089,40
0.0,0064407683,40
0.0,0140265686,39
0.0,0805062971,39
0.0,0671027123,39
8.0,0312305060,39
10.0,0449005615,39
8.0,0345313860,39
0.0,0679459618,39
0.0,0142001821,39
0.0,0312306326,39
0.0,0440204208,39
0.0,0440224071,39
0.0,1400031699,39
0.0,0066211611,39
8.0,0140293248,39
0.0,0142003727,39
8.0,0375726403,39
0.0,0385337639,39
10.0,0440219078,39
0.0,0679441018,39
0.0,0345449347,39
0.0,067102535X,39
0.0,1400030382,39
0.0,0425097609,39
8.0,0446608955,39
0.0,0425080021,39
0.0,0380973545,39
0.0,060980619X,39
0.0,0380973650,39
0.0,0156711427,39
0.0,0312263120,39
0.0,0425180050,39
0.0,0451410947,39
0.0,0425098605,39
0.0,0671023187,39
9.0,0345361792,39
0.0,0525947299,39
0.0,0440223571,39
0.0,0373250118,39
8.0,0553572997,39
9.0,0060934417,39
0.0,0449003981,39
0.0,0671034057,39
0.0,0345423402,39
0.0,0446519081,39
0.0,0552996009,39
0.0,0451190521,39
0.0,0380796104,39
0.0,014016930X,39
0.0,0425119920,39
0.0,0451190564,39
0.0,0552996181,39
8.0,0440213525,39
10.0,1400034779,39
0.0,0671534742,39
0.0,157322930X,39
8.0,044022165X,39
0.0,0446611921,39
0.0,0553576143,39
0.0,0452277337,39
0.0,0425117383,39
0.0,0316789844,39
0.0,037582233X,39
0.0,0553284118,39
0.0,0679434046,39
0.0,014034294X,39
0.0,0743410181,39
0.0,0743406184,39
0.0,0671567829,39
0.0,0380619458,39
0.0,0316693294,39
0.0,0671873199,39
7.0,0743418174,39
0.0,0399139540,39
0.0,0553278746,39
0.0,0515120278,39
0.0,055329170X,39
0.0,038531700X,39
0.0,0515122491,39
9.0,0060959037,39
0.0,0385729340,39
0.0,055357695X,39
8.0,0440234743,39
0.0,0061097659,39
8.0,0345443284,38
0.0,044021873X,38
0.0,0064405842,38
8.0,0440225701,38
8.0,0345342968,38
0.0,0743422910,38
0.0,0874776945,38
0.0,0425081818,38
0.0,0380723638,38
0.0,0312979886,38
0.0,055357258X,38
0.0,0425176932,38
0.0,044022425X,38
0.0,0452283027,38
0.0,0140430016,38
0.0,0380728133,38
0.0,0671452177,38
0.0,0671880608,38
9.0,043935806X,38
9.0,0440226430,38
0.0,0671774670,38
0.0,0743457943,38
0.0,0380732688,38
8.0,0440236673,38
0.0,0380726262,38
0.0,044661162X,38
0.0,0061098035,38
10.0,0671021001,38
0.0,0345412214,38
0.0,0060192119,38
10.0,0060392452,38
0.0,0425184943,38
0.0,0385482388,38
0.0,0515133639,38
10.0,1558743669,38
0.0,0425108937,38
0.0,0552998001,38
0.0,0684863472,38
0.0,0449213447,38
0.0,0441304834,38
0.0,0441172695,38
0.0,0451206711,38
0.0,1931561648,38
0.0,0441008534,38
0.0,0553585118,38
0.0,0671689746,38
0.0,0451205626,38
0.0,0446515078,38
0.0,0445406518,38
0.0,0425140946,38
0.0,0375501371,38
0.0,0671642561,38
0.0,0425182673,38
0.0,044048474X,38
0.0,1551667371,38
0.0,044651747X,38
0.0,0385334036,38
0.0,0553801376,38
0.0,067155302X,38
0.0,0553289691,38
0.0,0451202503,38
0.0,0375726349,38
0.0,0440237416,38
0.0,1551666650,38
0.0,0821769340,38
0.0,0374270325,38
8.0,0380731851,38
0.0,0767913000,38
0.0,0553210793,38
0.0,0821776037,38
0.0,0553212478,38
0.0,0446391301,38
0.0,0671027344,38
0.0,0590453661,38
0.0,0679430946,38
0.0,0060008776,38
0.0,1573221937,38
0.0,0449911519,38
0.0,0425184129,38
10.0,0440211727,38
10.0,044021145X,38
0.0,0446364762,38
0.0,0743486226,37
0.0,0345404793,37
9.0,0316284955,37
8.0,0743237188,37
0.0,0061099805,37
0.0,0451196856,37
9.0,0345339681,37
0.0,0515087947,37
0.0,0553249002,37
0.0,0671026682,37
0.0,0399142282,37
0.0,0440224055,37
0.0,0060931418,37
0.0,0684832178,37
0.0,0060090367,37
0.0,044022473X,37
0.0,037570910X,37
0.0,0375713751,37
0.0,0451190556,37
8.0,0446310786,37
0.0,0553285920,37
0.0,0156011042,37
0.0,1573229083,37
0.0,0375400117,37
0.0,0743407067,37
0.0,0446603082,37
9.0,0312278586,37
0.0,0451128370,37
0.0,0671729411,37
0.0,0440214009,37
0.0,034532532X,37
0.0,0515120456,37
0.0,0061031445,37
0.0,0743225724,37
0.0,0020442203,37
0.0,0671776134,37
0.0,0553272586,37
0.0,0743225082,37
0.0,0449212084,37
0.0,0316769495,37
0.0,0060930187,37
10.0,0451524934,37
0.0,0553209671,37
0.0,0061030643,37
0.0,0425152499,37
9.0,0060915544,37
0.0,0380818973,37
0.0,0515116068,37
0.0,0380002450,37
0.0,0380804697,37
0.0,0451403703,37
0.0,0515133876,37
0.0,0767914767,37
0.0,0061000027,37
0.0,0373250142,37
0.0,0684859734,37
7.0,044021145X,37
0.0,0446611913,37
0.0,0446527033,37
0.0,1551669234,37
0.0,0553569082,37
0.0,0684853515,37
0.0,0767912233,37
0.0,1551668459,37
0.0,1551667509,37
0.0,0440126894,37
0.0,0440129265,37
8.0,0316776963,37
8.0,0446605239,37
0.0,0440236991,37
0.0,0515126489,37
0.0,0553266578,37
0.0,0553802488,37
0.0,0440110653,37
0.0,0679405283,37
0.0,0446353957,36
0.0,0345435028,36
0.0,0451409159,36
0.0,0679419454,36
0.0,0553580515,36
0.0,0064400018,36
0.0,0064471047,36
0.0,038079828X,36
0.0,0446676098,36
0.0,0140185216,36
0.0,0373825021,36
0.0,0380762609,36
0.0,0670896764,36
0.0,0399148027,36
0.0,0440184622,36
8.0,044651652X,36
7.0,0786868716,36
0.0,0312971397,36
9.0,0316776963,36
0.0,0375504907,36
0.0,1857022424,36
0.0,0671759361,36
0.0,0553574752,36
0.0,0345367650,36
0.0,0440177049,36
0.0,0380726246,36
9.0,0060938455,36
0.0,0446612626,36
0.0,0425101452,36
0.0,0679457313,36
0.0,0140113428,36
0.0,0312989393,36
0.0,0689817851,36
0.0,0671742760,36
0.0,0345316770,36
0.0,051511331X,36
0.0,0440235146,36
8.0,0385492081,36
0.0,0316734837,36
7.0,0312291639,36
0.0,0553278592,36
0.0,0884046818,36
0.0,0385720114,36
0.0,0312981589,36
0.0,1551669390,36
0.0,0451167805,36
0.0,0743246071,36
0.0,0553348973,36
0.0,0451408888,36
8.0,0375700757,36
0.0,0440235464,36
0.0,0440168724,36
0.0,0684835959,36
0.0,0061013412,36
0.0,0684853507,36
0.0,0440403278,36
0.0,1573229385,36
0.0,0679745580,36
0.0,0345362861,36
0.0,0553576623,36
0.0,0060517794,36
0.0,0380703122,36
0.0,0312283709,36
0.0,006091565X,36
0.0,0449006530,36
0.0,0670031062,36
0.0,0684835975,36
0.0,0515118230,36
8.0,0440224764,36
0.0,0553566040,36
0.0,0684841185,36
0.0,0449220184,36
9.0,0375727345,36
0.0,0671001132,36
0.0,0671534734,36
9.0,0684872153,36
0.0,0312289723,36
0.0,038081918X,36
0.0,0375758232,36
0.0,0671873210,36
0.0,0452269652,36
0.0,051512088X,36
0.0,0670858692,36
0.0,0671793578,36
0.0,0373483902,36
0.0,0380775840,36
0.0,039304016X,36
0.0,0452284937,36
0.0,0449204324,36
0.0,0821772341,36
0.0,0064472795,36
0.0,0671016776,36
0.0,0446527017,36
9.0,0345417623,36
0.0,0345285549,36
9.0,0345370775,36
0.0,0345450728,36
8.0,0440222656,36
0.0,0553213156,35
0.0,0061099252,35
0.0,0553278355,35
0.0,0515103292,35
0.0,0140276904,35
0.0,0060936363,35
7.0,0440241073,35
0.0,0385498721,35
0.0,0440237009,35
0.0,0812971043,35
0.0,0671729454,35
0.0,014027927X,35
0.0,0515099546,35
0.0,0446364703,35
0.0,0380702843,35
0.0,0061099481,35
0.0,0446607339,35
0.0,0449702766,35
0.0,0425173631,35
0.0,0345335465,35
0.0,0064400026,35
0.0,0446671002,35
9.0,044021145X,35
0.0,0345335287,35
0.0,0821766570,35
0.0,0345409671,35
0.0,0345434803,35
8.0,0684872153,35
0.0,0312199430,35
0.0,0553282816,35
9.0,1400034779,35
0.0,0553277243,35
0.0,051510566X,35
10.0,0064400557,35
0.0,0451188489,35
0.0,0786884142,35
0.0,0440445450,35
0.0,0553278223,35
0.0,0553234811,35
0.0,0860074382,35
0.0,0684801221,35
0.0,0060557257,35
0.0,0312973055,35
0.0,0345354648,35
0.0,0553280147,35
10.0,0345348036,35
0.0,0375504613,35
0.0,0553284363,35
0.0,0671795554,35
0.0,140003180X,35
9.0,0385484518,35
0.0,0380756293,35
0.0,0345420438,35
0.0,0671047329,35
0.0,0345420748,35
8.0,0345439104,35
0.0,0375701907,35
0.0,0380792745,35
0.0,0451190548,35
0.0,0345441265,35
0.0,1551662604,35
0.0,0842332278,35
0.0,0316782262,35
9.0,0671021001,35
0.0,0515118249,35
0.0,044023512X,35
0.0,0440220696,35
0.0,0553587188,35
0.0,0671027573,35
0.0,0061097853,35
0.0,0786889616,35
0.0,0061092886,35
0.0,051513225X,35
8.0,006101351X,35
7.0,067976402X,35
0.0,0345318862,35
0.0,0451206673,35
0.0,0515119652,35
0.0,0061054151,35
0.0,067169071X,35
9.0,0380789035,35
0.0,0061056774,35
0.0,0413537900,35
0.0,0345438825,35
0.0,0451173317,35
0.0,0743418220,35
0.0,0449210820,35
0.0,0451168690,35
0.0,0671793543,35
0.0,0671443283,35
0.0,0671759213,35
0.0,0380603764,35
0.0,0451205146,35
0.0,0345387554,34
0.0,0345377443,34
7.0,0440236673,34
0.0,0316785261,34
0.0,0688149111,34
0.0,0684841347,34
0.0,0684849690,34
0.0,1573228583,34
0.0,0375401601,34
8.0,0684874350,34
0.0,0671035452,34
0.0,0515110396,34
0.0,0061093491,34
0.0,0061054143,34
0.0,0061042943,34
10.0,0743418174,34
0.0,0061099015,34
0.0,0061040347,34
0.0,0671003364,34
0.0,0553277537,34
0.0,067942573X,34
0.0,0525941908,34
0.0,1573228214,34
0.0,0345350685,34
0.0,0515102652,34
0.0,0670894605,34
0.0,0515102636,34
0.0,0425135020,34
0.0,0345404319,34
0.0,0061092088,34
0.0,0786884592,34
0.0,031205436X,34
0.0,0765342987,34
0.0,1401300316,34
0.0,0553578359,34
0.0,0060936231,34
9.0,0440211727,34
0.0,0671525425,34
0.0,0571081789,34
0.0,0812969812,34
8.0,0679429220,34
0.0,0399147128,34
0.0,0452266637,34
10.0,0316601950,34
0.0,0385491026,34
0.0,0385337116,34
10.0,0553296981,34
0.0,0140132708,34
0.0,0440235502,34
0.0,0380814811,34
0.0,0671744208,34
0.0,0812509250,34
10.0,0451169530,34
0.0,0812513711,34
0.0,0767903579,34
0.0,0380978415,34
0.0,0060809833,34
0.0,0452283868,34
0.0,155166884X,34
10.0,0441172717,34
0.0,015600710X,34
0.0,0446530387,34
0.0,0743411269,34
7.0,0140293248,34
0.0,155166576X,34
0.0,0786889667,34
10.0,0553375407,34
0.0,0385306024,34
0.0,0786889608,34
0.0,0020442408,34
0.0,059030271X,34
0.0,0446602736,34
0.0,0671793551,34
0.0,0743206061,34
0.0,0446602450,34
0.0,0399142851,34
0.0,0553561278,34
0.0,0786889551,34
0.0,0349101779,34
0.0,0380721643,34
8.0,0060987103,34
0.0,0451202856,34
0.0,0786886307,34
0.0,0373218540,34
0.0,0380725827,34
0.0,0451187903,34
0.0,0804117683,34
0.0,0671873202,34
0.0,044023672X,33
0.0,0380805995,33
0.0,0441104029,33
0.0,0812550307,33
0.0,0345325818,33
0.0,0552146986,33
0.0,067150987X,33
0.0,0330330373,33
0.0,0812575717,33
0.0,0425190641,33
0.0,0553572393,33
0.0,0451197410,33
0.0,0345316509,33
10.0,0842329218,33
0.0,0515128015,33
7.0,0142001740,33
0.0,0671534726,33
0.0,0375725849,33
0.0,0399142185,33
0.0,0375826688,33
0.0,0385315147,33
0.0,0804111898,33
0.0,0451204956,33
0.0,0684815451,33
0.0,0805056645,33
7.0,0345443284,33
0.0,051513239X,33
0.0,0061093092,33
0.0,0515131741,33
8.0,0140298479,33
7.0,0345417623,33
0.0,0515131091,33
0.0,006001203X,33
7.0,0440234743,33
8.0,0446611212,33
0.0,0451173392,33
0.0,052594527X,33
0.0,0385421982,33
10.0,0449212602,33
0.0,0312265840,33
0.0,0345313151,33
0.0,0671510126,33
0.0,0451161343,33
0.0,0446310492,33
0.0,0515099511,33
8.0,0375725784,33
0.0,0449219399,33
0.0,0449219372,33
0.0,0449217493,33
9.0,0061009059,33
0.0,0743456173,33
0.0,0515116173,33
0.0,0425163865,33
0.0,0064471837,33
0.0,0449208672,33
0.0,0679724362,33
0.0,0373270976,33
0.0,0842345523,33
0.0,0345453409,33
0.0,0446519804,33
0.0,0312979533,33
0.0,0553262505,33
0.0,031298250X,33
0.0,0425167801,33
0.0,067081976X,33
0.0,1558747028,33
0.0,0425179230,33
6.0,0316666343,33
0.0,0380725711,33
0.0,0515109746,33
0.0,0590112899,33
0.0,0440212189,33
0.0,0743212002,33
0.0,0671038567,33
7.0,0440221471,33
0.0,0446607274,33
0.0,0440225116,33
0.0,0061042935,33
0.0,0425188787,33
0.0,0425157466,33
0.0,0345347951,33
0.0,0380789892,33
8.0,0380789019,33
7.0,0316769487,33
0.0,0380804700,33
0.0,0515122408,33
10.0,0440498058,33
0.0,0449225046,33
7.0,0316569321,33
10.0,0345370775,32
0.0,0679425268,32
0.0,0394580567,32
0.0,0007154615,32
0.0,0446611379,32
0.0,0553581929,32
0.0,0590477404,32
0.0,0140099832,32
0.0,0446600768,32
0.0,0679457526,32
0.0,0880381736,32
0.0,0812967240,32
0.0,0515094773,32
0.0,0375724370,32
8.0,1558743669,32
0.0,0865471185,32
0.0,0060976497,32
8.0,0671001795,32
0.0,0553290266,32
0.0,0425176304,32
0.0,0385720467,32
9.0,0375726403,32
0.0,0671776800,32
0.0,0399142789,32
0.0,038531292X,32
0.0,0449911446,32
8.0,0345353145,32
0.0,0446352764,32
0.0,0373250207,32
0.0,0671020293,32
0.0,1551665301,32
0.0,0385722192,32
0.0,0151006725,32
5.0,044023722X,32
10.0,0345350499,32
0.0,0451170113,32
0.0,055358068X,32
0.0,0446364495,32
0.0,0395869463,32
9.0,0312924585,32
0.0,0812542835,32
8.0,0312966970,32
10.0,0440206154,32
0.0,034545104X,32
8.0,0767905180,32
0.0,0449213358,32
0.0,0671742515,32
0.0,0553213180,32
0.0,0812548051,32
0.0,0451149513,32
0.0,0156907399,32
0.0,0552143774,32
0.0,0553286587,32
8.0,014028009X,32
0.0,0451147367,32
0.0,0590494503,32
0.0,0671744623,32
0.0,0671744607,32
0.0,038533656X,32
0.0,0553256696,32
10.0,068484267X,32
0.0,0140086838,32
0.0,0553801341,32
9.0,0316096199,32
0.0,067102731X,32
0.0,0684800713,32
0.0,0812507436,32
0.0,0553106651,32
0.0,059045370X,32
7.0,0316284955,32
0.0,0446322180,32
0.0,0805019367,32
0.0,0671502522,32
10.0,0805063897,32
0.0,0671525832,32
0.0,0786880007,32
0.0,0671525433,32
10.0,0060934417,32
9.0,0812550706,32
0.0,0312958455,32
0.0,1573228737,32
0.0,0345423291,32
9.0,0449005615,32
0.0,0451207645,32
0.0,0425105334,32
0.0,0553569074,32
9.0,0385722206,32
9.0,0446610038,32
8.0,0446606812,32
0.0,0380765462,32
0.0,038079960X,32
9.0,0440234743,32
0.0,0380808080,32
7.0,0446605239,32
9.0,0439136369,32
10.0,0804106304,32
0.0,0399150439,32
8.0,0671038184,32
0.0,0380814803,32
0.0,0451410556,32
0.0,0345430573,32
0.0,0553573926,32
0.0,0399148639,32
0.0,0425090787,32
0.0,0671028014,32
0.0,039914840X,32
0.0,0515107867,32
0.0,0440173701,32
0.0,1551667436,32
7.0,0446610038,32
0.0,0440207835,32
0.0,0515137111,32
0.0,0451200101,32
0.0,0399145990,32
0.0,0515103969,32
0.0,0345415000,32
0.0,044020447X,32
0.0,042512164X,32
0.0,0345379365,31
8.0,0385720106,31
0.0,0553569791,31
0.0,0821767852,31
7.0,0804106304,31
0.0,0894803204,31
0.0,0312983301,31
0.0,0373218958,31
0.0,0345333926,31
0.0,0671007637,31
0.0,0425182142,31
0.0,0671502689,31
0.0,0679774025,31
0.0,0425178951,31
0.0,0373484887,31
0.0,0425150984,31
0.0,0140089225,31
0.0,0618002219,31
0.0,0670844527,31
0.0,0399148701,31
0.0,0515127485,31
0.0,074322423X,31
0.0,0385474547,31
0.0,044020271X,31
0.0,0385729332,31
0.0,0345463153,31
0.0,0142004278,31
7.0,1573229326,31
0.0,0452284295,31
0.0,0066214440,31
0.0,0886777844,31
0.0,0393317552,31
0.0,0553585681,31
0.0,0316780812,31
0.0,1860492592,31
0.0,0440222826,31
0.0,051511605X,31
0.0,0425164829,31
0.0,0345453387,31
0.0,055327886X,31
0.0,0671016768,31
0.0,0446517984,31
0.0,0373483880,31
0.0,0886777631,31
0.0,0375413596,31
0.0,0060168013,31
10.0,0440215625,31
0.0,0553584383,31
9.0,0060976845,31
0.0,0440220688,31
0.0,0345423135,31
0.0,0553801929,31
0.0,0061097861,31
10.0,0440226430,31
0.0,0440145465,31
0.0,0449002411,31
0.0,0440217512,31
0.0,0312925883,31
0.0,0425168131,31
7.0,0312983271,31
0.0,0451197429,31
8.0,0140067477,31
0.0,0345307674,31
0.0,0440240751,31
0.0,0590494457,31
0.0,0553574604,31
0.0,0061093106,31
0.0,0451180054,31
0.0,0451204891,31
0.0,0345301110,31
0.0,0553580280,31
9.0,0375706771,31
0.0,1551666847,31
0.0,0451408470,31
0.0,0786817879,31
0.0,039914563X,31
0.0,0440404193,31
0.0,0451208811,31
0.0,0061093335,31
0.0,051513595X,31
8.0,0446611867,31
0.0,0385312202,31
0.0,0553295608,31
0.0,0679426159,31
0.0,0345435249,31
10.0,044651652X,31
9.0,0671041789,31
0.0,0425097773,31
0.0,0451206002,31
0.0,0553287893,31
0.0,0385425473,31
9.0,0380789019,31
0.0,0425142868,31
0.0,1551666952,31
0.0,0553287532,31
0.0,051513399X,30
0.0,0671568833,30
0.0,0064405176,30
0.0,0449213323,30
0.0,0385314744,30
0.0,0671001809,30
0.0,0804108587,30
0.0,0060914653,30
0.0,0553280643,30
0.0,0373835124,30
10.0,0345391802,30
0.0,0440419468,30
10.0,043936213X,30
0.0,0842329277,30
9.0,0060502258,30
0.0,0399138749,30
0.0,0842329285,30
0.0,0316779237,30
0.0,037382503X,30
0.0,0515133418,30
10.0,0060502258,30
0.0,1551667193,30
0.0,0425132935,30
0.0,0553294385,30
0.0,0385323638,30
10.0,0375700757,30
0.0,0440415632,30
0.0,088730866X,30
0.0,0064471101,30
0.0,0440216842,30
0.0,0743418190,30
0.0,0312099436,30
0.0,0380725835,30
0.0,0380725584,30
0.0,0380725231,30
0.0,0312993536,30
0.0,0060083948,30
0.0,0670839531,30
0.0,0061092037,30
0.0,0517595753,30
0.0,0380711524,30
0.0,0060920084,30
0.0,0446608009,30
9.0,0385335482,30
9.0,0671001795,30
0.0,0671786601,30
0.0,0446607177,30
0.0,0061099686,30
0.0,0140620109,30
0.0,0446605360,30
0.0,0590629786,30
0.0,067179356X,30
0.0,034543739X,30
0.0,0671870963,30
0.0,0671798782,30
0.0,0446525804,30
0.0,042518045X,30
0.0,0060549270,30
0.0,0439049989,30
0.0,0373484836,30
0.0,067945960X,30
0.0,0140374248,30
0.0,0671795538,30
0.0,006440188X,30
0.0,0061092614,30
8.0,0684801523,30
0.0,014131088X,30
0.0,0425179672,30
0.0,0425179559,30
0.0,067082982X,30
0.0,0425129586,30
0.0,0671528203,30
0.0,0373835922,30
0.0,0345434471,30
0.0,0439049962,30
0.0,0440123925,30
0.0,0929634063,30
8.0,0425154092,30
7.0,0440211727,30
0.0,0451409000,30
0.0,0671695304,30
9.0,0440213525,30
0.0,1551669307,30
8.0,0449212602,30
9.0,0312966970,30
0.0,0553569619,30
0.0,0515122564,30
0.0,0394895894,30
0.0,0684842696,30
0.0,034529873X,30
0.0,0345335511,30
0.0,0440130913,30
0.0,0345425707,30
0.0,0786819146,30
9.0,0439139600,30
8.0,0446612790,30
0.0,0451131517,30
10.0,0440998050,30
0.0,0061094404,30
0.0,0140053204,30
7.0,0142000205,30
0.0,0515128821,30
0.0,0688149790,30
8.0,0142000205,30
0.0,0140042210,30
0.0,0767902890,30
0.0,0375406182,30
0.0,0399149392,30
7.0,0679746048,30
10.0,0316776963,30
0.0,0515129232,30
10.0,0062502182,30
0.0,0345384733,30
0.0,0553297988,30
0.0,0345308980,30
0.0,0380796090,30
0.0,1573222267,30
10.0,0345313860,30
0.0,0440237556,30
0.0,0679433023,30
0.0,0590453696,30
0.0,0345347536,30
0.0,0440225590,30
0.0,0156787334,30
0.0,0449219402,30
0.0,0451207246,30
0.0,0440225043,30
8.0,0312924585,30
0.0,0061013439,30
0.0,0440484332,30
0.0,015602943X,30
0.0,037541309X,30
0.0,0373483546,30
0.0,0345450892,30
0.0,0380780860,30
0.0,0156006219,30
0.0,0060652934,30
0.0,0140265988,30
10.0,0060987561,30
0.0,0679433015,30
0.0,0515121487,30
8.0,038079487X,30
0.0,0440901588,30
0.0,155166951X,30
0.0,0553582801,30
0.0,0449702545,30
7.0,0316776963,30
0.0,0452266564,30
0.0,0553583360,30
0.0,0380792494,30
0.0,0821775863,30
0.0,0425155188,30
0.0,0618526412,29
0.0,0553584014,29
0.0,0671040588,29
0.0,0671744585,29
0.0,0670825379,29
0.0,0609608444,29
0.0,0553293761,29
0.0,0671525808,29
0.0,1841721522,29
0.0,0373484100,29
0.0,0671007610,29
0.0,0671623249,29
0.0,0345443683,29
0.0,0060176806,29
0.0,0671023209,29
0.0,0393308804,29
0.0,0449206211,29
0.0,0449005569,29
0.0,0142000361,29
0.0,006000438X,29
0.0,0316789976,29
0.0,0330267388,29
0.0,0446609781,29
0.0,0446606251,29
0.0,0515126098,29
8.0,0345438329,29
0.0,0446602159,29
0.0,0140481389,29
0.0,0140481346,29
0.0,0380005255,29
0.0,0743477081,29
0.0,0140386645,29
0.0,0515130125,29
0.0,088396631X,29
0.0,0515130923,29
0.0,0446525731,29
0.0,0515134279,29
0.0,0446364622,29
0.0,0515136263,29
0.0,0446359637,29
0.0,0446358584,29
0.0,0140233903,29
0.0,068483376X,29
0.0,0140077022,29
8.0,1400031354,29
0.0,0393319296,29
0.0,0449218473,29
0.0,0441010512,29
0.0,0449221431,29
0.0,0380793342,29
0.0,0743466527,29
5.0,0316666343,29
0.0,0380804557,29
0.0,0452282934,29
10.0,0060915544,29
0.0,0312313810,29
0.0,0380814390,29
0.0,038081479X,29
0.0,0312284683,29
0.0,0767915593,29
0.0,0786868015,29
0.0,0802135161,29
0.0,0380728265,29
0.0,0312983417,29
0.0,0312983832,29
0.0,0380722704,29
9.0,0345313860,29
8.0,014029628X,29
0.0,0743262174,29
0.0,0451163508,29
0.0,0553273604,29
0.0,0451152190,29
0.0,0380712040,29
0.0,0385507593,29
0.0,0380711079,29
10.0,0142004235,29
0.0,0821772953,29
0.0,0449221873,29
0.0,0441102670,29
0.0,0312954468,29
0.0,0440183669,29
0.0,0425182886,29
0.0,0440236754,29
0.0,1551669021,29
8.0,0553280341,29
0.0,1573227889,29
0.0,0553106341,29
7.0,0060987529,29
0.0,0066212855,29
0.0,0679459596,29
0.0,0440216877,29
0.0,0553258915,29
0.0,1558746161,29
0.0,0440215900,29
0.0,0345352661,29
8.0,0446601241,29
0.0,0425145301,29
0.0,0440186560,29
0.0,0425116417,29
0.0,0553250256,29
0.0,0440129389,29
0.0,0061093343,29
0.0,0440114330,29
0.0,0061020702,29
8.0,0553272535,29
0.0,0061000280,29
0.0,0140039589,29
0.0,0425169871,29
0.0,0060975547,29
0.0,0399133143,29
0.0,0060512806,29
0.0,0060932139,29
0.0,0451161351,28
0.0,0060977744,28
0.0,0312951426,28
8.0,0070212570,28
0.0,0553578243,28
0.0,0805063889,28
9.0,0446612545,28
0.0,0451182960,28
0.0,038548951X,28
0.0,0312950489,28
8.0,080410753X,28
0.0,0385335490,28
0.0,076790382X,28
9.0,0805063897,28
0.0,0061094129,28
9.0,0312966091,28
5.0,0316601950,28
0.0,0671870114,28
7.0,0375706771,28
0.0,0380807343,28
0.0,0767903862,28
0.0,0451525264,28
0.0,0767908171,28
9.0,0440219078,28
0.0,0425181111,28
0.0,0061031089,28
0.0,0451409973,28
0.0,0553574566,28
0.0,0451210743,28
0.0,0553574957,28
0.0,0671019554,28
9.0,0440221471,28
0.0,067100767X,28
0.0,0786883375,28
0.0,0451194861,28
9.0,0440224764,28
0.0,0553571834,28
0.0,0425168468,28
0.0,1566840287,28
0.0,0802135196,28
10.0,0446608955,28
0.0,0441001971,28
0.0,0449911594,28
0.0,0671434225,28
0.0,1551669382,28
0.0,0399150838,28
0.0,1551668947,28
0.0,0399146652,28
0.0,0446524131,28
0.0,0671744577,28
0.0,0140286276,28
10.0,0312278586,28
0.0,0140282033,28
0.0,1551668122,28
0.0,1551667894,28
0.0,0440314887,28
0.0,0140250948,28
0.0,0590846280,28
0.0,0590466186,28
0.0,0060927216,28
0.0,0590477382,28
0.0,1551666561,28
0.0,1551666510,28
8.0,0385265700,28
0.0,0446323527,28
8.0,0385505833,28
10.0,0316284955,28
0.0,0441000916,28
8.0,0425147622,28
0.0,0399151648,28
0.0,0440225272,28
9.0,0142001430,28
0.0,0446601853,28
0.0,0821772252,28
0.0,0440128595,28
10.0,044023722X,28
0.0,0440131480,28
0.0,0060198133,28
0.0,0156528207,28
7.0,1400034779,28
0.0,0449217124,28
10.0,0156528207,28
0.0,0842321934,28
0.0,0670855030,28
0.0,0449206181,28
0.0,0449001946,28
0.0,0571206484,28
7.0,0064407667,28
0.0,0671793888,28
0.0,0860680649,28
0.0,0141007338,28
0.0,1558743790,28
0.0,0141001828,28
0.0,0446604534,28
0.0,0440223989,28
8.0,0440236703,28
0.0,0446602698,28
0.0,0446601985,28
0.0,0140430725,28
0.0,0451160312,28
0.0,0345342569,28
0.0,0553211757,28
0.0,037540256X,28
0.0,0553295780,28
0.0,0380756269,28
0.0,0679432477,28
0.0,0345391810,28
0.0,0553210114,28
0.0,034068948X,28
0.0,0312981260,28
0.0,0684831546,28
0.0,0679732411,28
0.0,0380762587,28
0.0,0380765454,28
0.0,0380719185,28
0.0,0060540753,28
0.0,0380720191,28
0.0,0684856603,28
0.0,0553230212,28
9.0,0671510053,28
7.0,0385335482,28
0.0,0380724987,28
0.0,0743410599,28
0.0,0375506276,28
6.0,0140293248,28
0.0,0553290762,28
0.0,0553562398,28
10.0,0553250426,28
0.0,0515090379,28
0.0,0679893105,28
0.0,0743406176,28
0.0,034530988X,28
0.0,0380730200,28
0.0,0743411323,28
0.0,0373834284,28
0.0,0375724400,28
0.0,0743457951,28
0.0,0373790899,28
0.0,0743222245,28
0.0,0380780879,28
0.0,0515123471,28
0.0,0515115630,28
10.0,0553272535,28
0.0,0553263218,28
0.0,0316779490,28
0.0,0380712520,28
0.0,0316153990,28
0.0,0679454446,28
0.0,0553268937,28
0.0,0515119520,28
0.0,0553273299,28
0.0,0373711646,28
0.0,0452279070,28
0.0,0380718839,28
0.0,0553248642,28
0.0,0515110973,27
0.0,0373218435,27
10.0,0312282990,27
0.0,0449205193,27
0.0,0515101230,27
0.0,0684853523,27
0.0,0891075275,27
0.0,0515136557,27
0.0,0156001314,27
0.0,0515114006,27
0.0,0060913509,27
8.0,0312966091,27
0.0,0517706814,27
0.0,0517556278,27
0.0,0590477390,27
10.0,0440214041,27
9.0,0671003755,27
0.0,0671741039,27
0.0,0394584082,27
0.0,0373226918,27
0.0,0373250223,27
0.0,0689714335,27
0.0,0575400951,27
0.0,0020442505,27
0.0,0446615145,27
0.0,0140620222,27
0.0,0446604763,27
0.0,038001503X,27
0.0,0688163165,27
0.0,0671769200,27
0.0,0446676071,27
7.0,0452282829,27
0.0,0446516570,27
0.0,0446691798,27
0.0,0684871270,27
0.0,0553294903,27
0.0,0679417796,27
0.0,014034991X,27
0.0,014034893X,27
0.0,044652087X,27
9.0,0060392452,27
0.0,0671744216,27
0.0,0020198906,27
0.0,0380784505,27
0.0,1551666022,27
8.0,0399501487,27
0.0,0679722645,27
0.0,0670868361,27
0.0,0061099155,27
0.0,0670873926,27
0.0,0440170842,27
0.0,044016205X,27
0.0,0440146577,27
0.0,0553238000,27
0.0,0670894370,27
0.0,0373825048,27
8.0,0446606189,27
0.0,0679435328,27
0.0,1573226521,27
0.0,042511984X,27
7.0,0553279912,27
0.0,0671003593,27
0.0,0373835876,27
0.0,042519485X,27
0.0,0425147231,27
0.0,0553264567,27
0.0,0671007696,27
0.0,0425187055,27
0.0,0553269224,27
0.0,3746614007,27
0.0,0425183181,27
0.0,0553269321,27
0.0,0345372050,27
0.0,0679454497,27
0.0,0061000019,27
0.0,0679450440,27
0.0,0671020315,27
0.0,0345353749,27
8.0,0446364193,27
0.0,0441007813,27
0.0,0060934913,27
0.0,059048348X,27
0.0,0441003745,27
0.0,0375700269,27
6.0,0786868716,27
8.0,043935806X,27
0.0,0671568841,27
0.0,1400077826,27
0.0,0590568795,27
0.0,0440343194,27
0.0,0345385764,27
10.0,0515131229,27
0.0,1551668084,27
7.0,0385484518,27
10.0,0684872153,27
0.0,1551668440,27
0.0,0064400077,27
0.0,0399148248,27
0.0,0679777547,27
0.0,0399149848,27
0.0,0399151060,27
10.0,0385335482,27
8.0,0440224675,27
10.0,0671041789,27
0.0,0440225698,27
0.0,0060506989,27
0.0,0440224721,27
8.0,0440241537,27
0.0,0440223016,27
0.0,0671042556,27
0.0,1558747109,27
0.0,0449221393,27
0.0,0515130117,27
0.0,0553575953,27
0.0,0671886290,27
10.0,014028009X,27
0.0,0380820846,27
8.0,0671004530,27
10.0,0446532231,27
0.0,0553581856,27
9.0,0446605239,27
0.0,0060542128,27
0.0,0786890002,27
8.0,067102423X,27
9.0,0684874350,27
0.0,0451162919,27
10.0,0440234743,27
0.0,0312171838,27
0.0,0452281725,27
0.0,0385425074,27
0.0,0805010858,27
10.0,0451166892,27
0.0,0452281679,27
0.0,0345441788,27
0.0,0380791978,27
0.0,0671867318,27
9.0,0345339703,27
0.0,0786866845,27
0.0,038533558X,27
0.0,0451176812,27
0.0,0380793660,27
0.0,0451180062,27
0.0,0553561359,27
0.0,0451179285,27
0.0,0451202732,27
0.0,0553573705,27
0.0,0345428285,27
8.0,0060915544,27
0.0,0804118558,27
0.0,0767902513,27
5.0,0060928336,27
0.0,0449908798,27
0.0,0385306059,27
0.0,0452283795,27
0.0,0767903382,27
0.0,0316154075,27
0.0,0743454146,27
9.0,0440206154,27
0.0,082176828X,27
0.0,0380728273,27
0.0,0553572350,27
0.0,0385315309,27
0.0,0380819171,27
0.0,0373484909,27
0.0,0312971362,27
0.0,0380709244,27
7.0,0440220602,27
0.0,0099244926,26
0.0,0441009239,26
0.0,037570485X,26
9.0,0440241073,26
0.0,0399143165,26
0.0,0385313012,26
0.0,0060092645,26
0.0,0060086386,26
0.0,0804109729,26
0.0,0440343690,26
0.0,067166641X,26
0.0,0395859972,26
0.0,8807813025,26
0.0,0590568809,26
0.0,0451201558,26
0.0,067187098X,26
0.0,0380802325,26
0.0,0671003941,26
0.0,0440422256,26
9.0,0440236673,26
0.0,0440486599,26
0.0,0440487617,26
8.0,0425175405,26
8.0,0060987561,26
0.0,0679721037,26
0.0,0399138250,26
0.0,0312982615,26
0.0,0451202287,26
8.0,0446612545,26
0.0,0671415085,26
0.0,0374281602,26
8.0,0842329129,26
0.0,048627263X,26
0.0,0743457870,26
0.0,0743422449,26
0.0,0425098680,26
0.0,0345432401,26
0.0,0064400565,26
0.0,0670839809,26
0.0,0380817683,26
0.0,0345430514,26
10.0,0060175400,26
0.0,0440202507,26
0.0,0061099643,26
0.0,0380816555,26
10.0,0380789035,26
9.0,0439136350,26
0.0,0061098752,26
0.0,038081093X,26
0.0,0312421036,26
10.0,0060391626,26
0.0,0553564943,26
0.0,0553117467,26
9.0,0399501487,26
0.0,0553574094,26
0.0,0061091944,26
0.0,0671528904,26
0.0,0525947671,26
9.0,0385486804,26
0.0,0425138232,26
0.0,038072880X,26
10.0,0446606812,26
0.0,042513329X,26
0.0,0671524968,26
10.0,155874262X,26
0.0,0786862572,26
0.0,044023719X,26
0.0,0679776818,26
0.0,0451408683,26
0.0,078670621X,26
0.0,0679777504,26
0.0,0552999954,26
0.0,0743418735,26
0.0,0451409256,26
0.0,0671468200,26
0.0,0452282268,26
0.0,0312978375,26
0.0,0451410378,26
0.0,067942525X,26
8.0,038572179X,26
6.0,0060928336,26
0.0,0020868308,26
0.0,0345460359,26
0.0,0671024183,26
0.0,0394561619,26
6.0,0440241073,26
7.0,0345353145,26
0.0,038049163X,26
0.0,0380784491,26
0.0,0316926345,26
0.0,055358183X,26
0.0,044661095X,26
0.0,0451160916,26
0.0,0671019546,26
0.0,0553298178,26
10.0,0060976845,26
10.0,0060987103,26
0.0,0446606456,26
0.0,0345395069,26
8.0,034540288X,26
8.0,0141000198,26
0.0,0671787454,26
0.0,0060809248,26
10.0,0316096199,26
0.0,0553580906,26
8.0,0142001430,26
0.0,0312951647,26
0.0,0425182843,26
0.0,0671020323,26
0.0,0515097500,26
0.0,0156907380,26
0.0,0449219569,26
0.0,0515107662,26
7.0,0440224764,26
0.0,0345423097,26
0.0,0345445856,26
9.0,080410753X,26
0.0,0449212750,26
0.0,0060987049,26
10.0,0440414806,26
0.0,0316769509,26
0.0,0553377876,26
10.0,0440180295,26
0.0,0842329293,26
0.0,0425171493,26
0.0,0060001453,26
0.0,0449204553,26
0.0,0842332251,26
0.0,0449005828,26
0.0,042517140X,26
8.0,0316569321,26
0.0,0151446474,26
0.0,0316037451,26
8.0,0345435168,26
0.0,0515129224,26
0.0,0373226144,26
0.0,0446364789,26
0.0,0671868713,26
0.0,0446364150,26
0.0,0451181468,26
8.0,0380718340,26
0.0,1853260010,26
0.0,0451184114,26
0.0,0517580497,26
0.0,0385323921,26
0.0,0553264613,26
0.0,3492045170,26
0.0,0380724979,26
10.0,0140067477,26
0.0,0140230165,26
0.0,042518904X,26
0.0,0671724738,26
0.0,0517707918,26
0.0,0373218966,26
0.0,0425154882,26
0.0,0425153789,26
0.0,0425190749,26
0.0,0385319568,26
0.0,0373218419,26
0.0,0425188132,26
0.0,0553268929,26
0.0,0446527041,26
0.0,0425162605,26
0.0,0671014935,26
0.0,0446600253,26
7.0,0375726403,26
0.0,0452279178,26
0.0,0380792648,26
0.0,0312953615,26
0.0,0373250185,26
0.0,0451179188,26
0.0,051513290X,26
0.0,0312991460,26
0.0,0515133868,26
5.0,0312195516,25
9.0,0446364193,25
0.0,0345360001,25
8.0,0786881852,25
10.0,0671003755,25
0.0,0679442405,25
0.0,0061092002,25
0.0,0061092606,25
0.0,0060970790,25
9.0,0440225701,25
0.0,1573221112,25
8.0,0446608815,25
0.0,0743448677,25
0.0,0061032093,25
0.0,0061030244,25
0.0,0061096105,25
9.0,0440222656,25
0.0,0679723110,25
9.0,0449212602,25
0.0,0061013420,25
0.0,0061091464,25
0.0,006103004X,25
8.0,0446605484,25
9.0,0066214122,25
0.0,0345358791,25
9.0,0312990456,25
0.0,0812513754,25
0.0,0812513738,25
0.0,0671756443,25
0.0,0671755064,25
0.0,0684871262,25
0.0,0345390458,25
8.0,0375705856,25
7.0,0345378490,25
9.0,0345384466,25
0.0,0671742949,25
7.0,0345438329,25
0.0,0140280464,25
0.0,0140279288,25
7.0,0060934417,25
9.0,0312971346,25
0.0,0688084923,25
0.0,0671737791,25
0.0,0812580354,25
9.0,0451524934,25
7.0,0060502258,25
0.0,0836221192,25
0.0,0821770195,25
0.0,0821768417,25
0.0,081296683X,25
8.0,0316789089,25
0.0,0871137534,25
0.0,0226500578,25
0.0,0142000221,25
0.0,0671867083,25
0.0,0689710879,25
8.0,0345387651,25
8.0,0345402871,25
0.0,0684844818,25
0.0,014017737X,25
0.0,0679731377,25
0.0,0679751319,25
0.0,1551668378,25
0.0,0671517643,25
0.0,0786808012,25
0.0,0345323440,25
0.0,0345326490,25
0.0,034543448X,25
0.0,0345338588,25
10.0,1573225789,25
0.0,1558745017,25
0.0,1558746463,25
0.0,0671039938,25
0.0,0671039857,25
0.0,0312971842,25
0.0,0345353625,25
9.0,0767902521,25
0.0,0060934719,25
8.0,0385335881,25
0.0,0804108447,25
0.0,0140143505,25
0.0,0060514930,25
0.0,0671705091,25
0.0,0140133488,25
0.0,0140131558,25
0.0,080411188X,25
0.0,0684803968,25
0.0,1551667959,25
8.0,0425152251,25
0.0,0970816308,25
5.0,0440241073,25
7.0,014028009X,25
0.0,0786886463,25
0.0,1551666618,25
0.0,0679447156,25
0.0,0425174808,25
0.0,0060185147,25
0.0,038071843X,25
0.0,0399144714,25
0.0,0515084891,25
0.0,0399143696,25
0.0,055357602X,25
0.0,0380715929,25
0.0,0399137734,25
0.0,0440418321,25
0.0,0553575406,25
0.0,0380723816,25
0.0,0441005764,25
0.0,0380754843,25
0.0,0553582925,25
0.0,0553583395,25
0.0,0553584480,25
7.0,0446611867,25
0.0,0515090654,25
10.0,0609804138,25
0.0,0440225450,25
0.0,0440216818,25
0.0,0375701044,25
0.0,0375701427,25
0.0,0440222818,25
0.0,0440223458,25
8.0,0553580221,25
8.0,0679746048,25
0.0,0515094978,25
0.0,3442413338,25
0.0,0399148779,25
0.0,0399147284,25
7.0,0425175405,25
0.0,0553574558,25
0.0,0515112305,25
0.0,0446359688,25
0.0,0553801821,25
0.0,0380807149,25
0.0,0449215571,25
0.0,0451192036,25
0.0,0385316917,25
0.0,0449211479,25
0.0,0451186648,25
10.0,0440213525,25
0.0,0385333412,25
0.0,0449216861,25
0.0,0380807939,25
0.0,0590457225,25
0.0,0449219410,25
0.0,0590466178,25
0.0,0590477439,25
0.0,0451163494,25
0.0,3404148665,25
0.0,1896860982,25
0.0,0446671223,25
0.0,0394571029,25
0.0,0373250177,25
0.0,0446611638,25
0.0,0451197879,25
0.0,0446608378,25
0.0,059048351X,25
0.0,0451205774,25
10.0,0070212570,25
0.0,0446600709,25
0.0,0451408977,25
0.0,0451410319,25
6.0,0345353145,25
0.0,0451451430,25
0.0,0380844001,25
0.0,0380820854,25
0.0,0670032891,25
0.0,0385509472,25
10.0,0515136530,25
0.0,0670772895,25
0.0,0440194784,25
0.0,0553295071,25
0.0,0374527229,25
0.0,0553562967,25
0.0,0425120430,25
0.0,0553106643,25
0.0,0440150167,25
0.0,0425162591,25
0.0,042511872X,25
0.0,0440147956,25
0.0,0553561111,25
0.0,3442541751,25
0.0,0553377884,25
0.0,0425099334,25
0.0,0671004271,25
0.0,0425102416,25
7.0,044022165X,25
0.0,0553382179,25
0.0,0425188809,25
0.0,006018650X,25
0.0,0425178773,25
0.0,1861976127,25
0.0,0525947914,25
0.0,0425177068,25
10.0,0553274295,25
0.0,0553564978,25
0.0,055327953X,25
10.0,055321313X,25
10.0,0553213148,25
0.0,067091021X,25
0.0,0553285653,25
7.0,0451156609,24
0.0,0385260083,24
8.0,0743227441,24
0.0,0786889187,24
6.0,0316601950,24
8.0,0060921145,24
0.0,0373835795,24
0.0,0451199480,24
0.0,0553258648,24
0.0,0451409361,24
0.0,0345365933,24
7.0,0385722206,24
0.0,0451205448,24
0.0,0345469674,24
10.0,0064407667,24
6.0,0312291639,24
0.0,0679459626,24
0.0,0553227750,24
0.0,0679403612,24
0.0,0553240633,24
10.0,0446679593,24
0.0,0345358031,24
0.0,0525945814,24
0.0,0451192303,24
0.0,0373250231,24
0.0,0804119724,24
0.0,0671732277,24
6.0,0375727345,24
0.0,0451163516,24
0.0,0590466194,24
0.0,0451170822,24
9.0,0312995423,24
0.0,0811825558,24
0.0,0553278916,24
9.0,0345353145,24
0.0,0385334923,24
0.0,0345377702,24
0.0,055329461X,24
0.0,034539092X,24
10.0,0446364193,24
0.0,0373250215,24
0.0,0553272500,24
0.0,0385317093,24
0.0,0679450432,24
0.0,0451192028,24
0.0,0671748882,24
8.0,0061097314,24
9.0,0375725784,24
0.0,0679450548,24
8.0,0060977493,24
0.0,0451197550,24
0.0,0345368932,24
0.0,0553262645,24
0.0,0373250193,24
8.0,0671027387,24
7.0,0385720106,24
0.0,0380820145,24
0.0,0515127213,24
10.0,0877017883,24
0.0,0345335406,24
0.0,0740704818,24
9.0,0451526341,24
0.0,051509160X,24
0.0,0553575023,24
0.0,0373484895,24
0.0,0316735027,24
0.0,0515114499,24
0.0,0515117234,24
7.0,0440213525,24
7.0,0380789019,24
0.0,0515124621,24
0.0,0375406530,24
0.0,0688162827,24
0.0,0451519841,24
0.0,0345416880,24
0.0,0375758992,24
7.0,0385486804,24
0.0,0375712925,24
0.0,0345316002,24
0.0,037570924X,24
0.0,037348397X,24
0.0,0345311485,24
0.0,0345423496,24
0.0,0345423429,24
0.0,1878424114,24
0.0,068480087X,24
0.0,034530456X,24
0.0,0684195976,24
0.0,0380708353,24
0.0,0345335651,24
10.0,0451526341,24
10.0,068484477X,24
0.0,0380817144,24
0.0,0451523377,24
7.0,0375700757,24
9.0,0441172717,24
0.0,0380798565,24
0.0,0679735666,24
7.0,0375707972,24
0.0,0452262143,24
0.0,0380788624,24
0.0,0060175966,24
0.0,0452274427,24
0.0,0743483014,24
0.0,0743457935,24
0.0,0312969414,24
0.0,0743436830,24
0.0,0312971230,24
7.0,0842329129,24
0.0,0553580272,24
0.0,0312977360,24
0.0,0553212737,24
0.0,0486284999,24
0.0,0312983212,24
7.0,0385508042,24
0.0,038072362X,24
0.0,0553577808,24
0.0,0380720132,24
7.0,0385505833,24
0.0,0345440765,24
0.0,0743233468,24
0.0,0451184327,24
0.0,0553287346,24
8.0,0553582755,24
0.0,0670031909,24
0.0,0446521582,24
0.0,3257229534,24
0.0,0395866502,24
0.0,0590494465,24
8.0,0446604666,24
0.0,0877733759,24
0.0,0877017883,24
0.0,0439420105,24
0.0,0061094226,24
10.0,0618002227,24
0.0,0373079613,24
0.0,0140620125,24
10.0,0385492081,24
0.0,0671527886,24
8.0,0345391055,24
0.0,0425109240,24
0.0,0061092533,24
8.0,0345380371,24
0.0,0671689762,24
0.0,0060198346,24
0.0,0425128458,24
0.0,0446610674,24
0.0,1551662779,24
0.0,0590634275,24
0.0,0671660632,24
0.0,0061091618,24
0.0,0886774012,24
0.0,0440214424,24
8.0,1573225789,24
0.0,3250600555,24
0.0,0440212359,24
0.0,0060927569,24
10.0,0380813815,24
0.0,0440207428,24
0.0,0670813648,24
8.0,0446532231,24
0.0,0440204925,24
0.0,0446300152,24
0.0,0446357421,24
0.0,0440216540,24
0.0,1558744592,24
0.0,1573229865,24
8.0,0380018179,24
7.0,0671004530,24
0.0,0440181275,24
8.0,0553271636,24
0.0,0425054535,24
10.0,1400031354,24
0.0,0440159008,24
0.0,3257228007,24
0.0,0670894494,24
0.0,006109207X,24
0.0,0446612731,24
0.0,0425163415,24
0.0,0671004239,24
10.0,089480829X,24
0.0,1551669455,24
0.0,1853260320,24
0.0,1551667002,24
0.0,0440236169,24
0.0,0425186709,24
0.0,0061020680,24
0.0,0671523090,24
0.0,0671010123,24
0.0,1570613818,24
0.0,0671025589,24
0.0,0449215024,24
0.0,0449232921,24
0.0,0061000299,24
0.0,0618129022,24
0.0,0061000035,24
0.0,0060988649,24
0.0,1551668939,24
0.0,039914787X,24
0.0,0060935464,24
0.0,0425174018,24
0.0,0060973323,24
0.0,0006547834,24
0.0,0061031550,24
0.0,0393307050,24
10.0,0312924585,24
0.0,0449210928,24
0.0,0440234727,24
0.0,042514755X,24
0.0,0061091316,24
0.0,0449214176,24
0.0,1551666758,24
8.0,080411109X,24
9.0,0743227441,24
0.0,0425143570,24
0.0,0671702505,24
0.0,044920703X,24
0.0,0449211584,24
0.0,0842332286,24
0.0,0060090375,23
0.0,0525945636,23
0.0,0375501347,23
7.0,0786881852,23
7.0,038079487X,23
0.0,1558746226,23
0.0,051513306X,23
0.0,0440229499,23
9.0,0515131229,23
0.0,0375758453,23
0.0,0375706062,23
7.0,044651652X,23
10.0,0743227441,23
0.0,0440224713,23
0.0,0684801051,23
0.0,0515132624,23
0.0,051512947X,23
0.0,0375725601,23
7.0,0446364193,23
0.0,068487217X,23
0.0,0689806590,23
5.0,0380730138,23
0.0,0064408639,23
8.0,0440226104,23
0.0,155874424X,23
9.0,0151008116,23
0.0,0060092653,23
6.0,0385504209,23
0.0,0345356365,23
0.0,0425140989,23
0.0,0425195449,23
0.0,0553250515,23
0.0,0553251473,23
10.0,0684801523,23
8.0,0449005615,23
0.0,0061032425,23
0.0,0553263285,23
0.0,0553263579,23
0.0,055326611X,23
0.0,0345368959,23
0.0,0553271369,23
0.0,0679447830,23
0.0,0345376579,23
0.0,055327418X,23
0.0,0425171078,23
0.0,0345382323,23
0.0,0345383273,23
0.0,0553283936,23
7.0,0061009059,23
0.0,0061091561,23
0.0,0425130215,23
0.0,0553213113,23
0.0,0553100777,23
0.0,0440208912,23
0.0,0062548662,23
8.0,0688177751,23
0.0,037541200X,23
5.0,0385504209,23
0.0,0345322401,23
0.0,0060508302,23
0.0,044020254X,23
0.0,0060507845,23
0.0,0679766626,23
0.0,0425115291,23
0.0,0380599236,23
0.0,0061098027,23
0.0,0679763309,23
0.0,055310666X,23
0.0,0061095540,23
0.0,0425100057,23
0.0,0553211765,23
0.0,0425104273,23
0.0,0553212338,23
0.0,0345331001,23
6.0,044023722X,23
0.0,0515113719,23
0.0,0385319207,23
0.0,0804112959,23
0.0,0804108528,23
8.0,0312976275,23
0.0,0842329161,23
0.0,0060915188,23
0.0,0449002985,23
0.0,0449001962,23
0.0,0142004030,23
0.0,0142000892,23
0.0,0060917016,23
0.0,0142000663,23
0.0,0451198948,23
0.0,0446610232,23
0.0,078688939X,23
8.0,0743225406,23
8.0,0345384466,23
0.0,0312113420,23
0.0,0451203224,23
0.0,0140620427,23
0.0,0451207947,23
0.0,0451210751,23
0.0,0446603090,23
0.0,0446532452,23
0.0,0140440046,23
0.0,0446530891,23
0.0,0446530239,23
0.0,0446527130,23
0.0,0385318073,23
0.0,0449213730,23
8.0,0590353403,23
0.0,0553289063,23
0.0,038550117X,23
0.0,0385496095,23
8.0,0151008116,23
9.0,0142000205,23
9.0,0312291639,23
0.0,0449244741,23
0.0,081257558X,23
10.0,0441003257,23
0.0,0812565959,23
0.0,0812558626,23
0.0,0451160444,23
0.0,193156146X,23
0.0,0393046974,23
0.0,0812540336,23
0.0,0812522397,23
0.0,0812521501,23
0.0,0449225313,23
0.0,0449223450,23
0.0,0449220605,23
0.0,0812507428,23
0.0,0449219550,23
0.0,0451178017,23
0.0,0156439611,23
0.0,0385335121,23
0.0,0451180410,23
0.0,0836218620,23
0.0,0451183746,23
0.0,0767915062,23
0.0,0886771625,23
0.0,1551668068,23
0.0,0007110928,23
0.0,0743428587,23
0.0,0486268705,23
0.0,0441117732,23
8.0,0425109720,23
0.0,0312981961,23
7.0,0743237188,23
0.0,0312989385,23
0.0,0440995779,23
0.0,0440428130,23
0.0,0380717581,23
0.0,044040665X,23
0.0,0316153915,23
0.0,0380709562,23
0.0,1551662914,23
0.0,1551664275,23
7.0,0446612545,23
0.0,1551665700,23
0.0,0399145672,23
0.0,0740723367,23
7.0,0060959037,23
0.0,1551667223,23
0.0,0399146008,23
0.0,039914613X,23
0.0,0380704587,23
0.0,044024126X,23
0.0,0515108030,23
0.0,1551668009,23
10.0,0394820371,23
0.0,0312970617,23
0.0,0767905938,23
0.0,0395083567,23
0.0,0765343436,23
9.0,0440214041,23
9.0,0440220602,23
9.0,044022165X,23
0.0,0394805720,23
0.0,0451526279,23
0.0,0380800780,23
0.0,0446364312,23
0.0,0752853694,23
0.0,0446363383,23
0.0,0891076182,23
8.0,1592400876,23
0.0,1583224890,23
0.0,0312901437,23
0.0,0380792478,23
0.0,0312928831,23
0.0,0380789884,23
0.0,0446357405,23
0.0,0380789876,23
0.0,0894808249,23
0.0,0446353930,23
0.0,0140177388,23
0.0,0312957572,23
0.0,0380769557,23
0.0,0743444264,23
0.0,0743439775,23
8.0,0385498802,23
9.0,080411109X,23
0.0,0312205406,23
0.0,1853260061,23
0.0,0553571583,23
9.0,080410526X,23
0.0,0553800949,23
0.0,0671673661,23
0.0,0671461494,23
0.0,0553561375,23
0.0,0671799312,23
0.0,0373250134,23
0.0,0553802461,23
0.0,0671751506,23
7.0,0440222656,23
8.0,0679731148,23
0.0,0671553038,23
0.0,0671524097,23
0.0,0345434773,23
0.0,0060972122,23
0.0,3442453305,23
0.0,0571216420,23
0.0,0373218443,23
0.0,0590629778,23
0.0,0590629794,23
0.0,0060185074,23
0.0,0345436121,23
0.0,0553560204,23
0.0,0553581295,23
0.0,067153288X,23
9.0,068484477X,23
0.0,0670032379,23
0.0,059045899X,23
0.0,0671735276,23
0.0,0553565060,23
0.0,0553569406,23
0.0,0553564404,23
10.0,0671027344,23
0.0,0553566067,23
7.0,0440235596,23
0.0,0373153279,23
0.0,0671742493,23
0.0,0553564927,23
0.0,0060176075,23
0.0,0671729470,23
0.0,0345417976,23
0.0,0671020307,23
0.0,0140065172,22
0.0,044651506X,22
0.0,0446400157,22
0.0,325722575X,22
0.0,014006690X,22
5.0,0440226430,22
0.0,0140070206,22
0.0,0505524384,22
0.0,0452282128,22
0.0,1882723007,22
0.0,0505525526,22
0.0,0395927218,22
0.0,0440942500,22
0.0,0967231434,22
0.0,0743243307,22
10.0,0441790348,22
0.0,0380723085,22
10.0,039480001X,22
0.0,0590566466,22
0.0,0446356859,22
0.0,0140274154,22
0.0,0553580035,22
0.0,0312977409,22
0.0,0380756250,22
8.0,1573229326,22
0.0,0440509238,22
0.0,1575667215,22
0.0,0743412621,22
0.0,074341232X,22
8.0,0385503822,22
0.0,0743411544,22
7.0,0156027321,22
0.0,0380727544,22
0.0,0140094296,22
0.0,0380774933,22
0.0,0743412753,22
0.0,039914207X,22
0.0,0440495962,22
10.0,0385199570,22
0.0,0060008024,22
5.0,0375727345,22
8.0,0871136791,22
0.0,044022859X,22
0.0,0515131334,22
0.0,0066209773,22
0.0,0345428307,22
0.0,0553571729,22
8.0,0441003257,22
0.0,0375760628,22
0.0,0064407055,22
0.0,0688174035,22
0.0,006440630X,22
0.0,0375706429,22
8.0,0553268880,22
0.0,0375704027,22
10.0,067102423X,22
0.0,0440210690,22
0.0,0671047485,22
0.0,0553566075,22
0.0,0345310799,22
0.0,0671894234,22
0.0,038000917X,22
0.0,0671496786,22
0.0,0553576011,22
0.0,1551665336,22
0.0,1400042070,22
10.0,0385486804,22
0.0,0671526022,22
0.0,0316346624,22
5.0,0345443284,22
0.0,0515101222,22
0.0,0380698714,22
0.0,0060195703,22
7.0,0140244824,22
10.0,0312265867,22
8.0,0451524934,22
0.0,0688177743,22
10.0,0671510053,22
8.0,0451184963,22
8.0,0451526341,22
0.0,0316898163,22
0.0,0399146725,22
0.0,0399147381,22
0.0,1551668394,22
0.0,1551669099,22
9.0,0553572997,22
0.0,0440235057,22
0.0,0452281032,22
9.0,0446670251,22
0.0,0452278902,22
0.0,0373250169,22
10.0,0140042598,22
0.0,0451191706,22
0.0,0671746693,22
0.0,0590477455,22
9.0,0060987529,22
8.0,0061097101,22
8.0,0670894605,22
0.0,0385306040,22
0.0,0451192613,22
0.0,0451193288,22
0.0,0449213757,22
0.0,037325024X,22
0.0,0804110379,22
0.0,0451198506,22
8.0,0312971346,22
9.0,0743237188,22
8.0,0312980140,22
0.0,084232920X,22
6.0,0452282152,22
0.0,0449208133,22
0.0,0449206440,22
0.0,0451202244,22
0.0,084233226X,22
0.0,0449149099,22
0.0,0385315546,22
0.0,038531695X,22
0.0,078688908X,22
0.0,0671737619,22
0.0,0812521331,22
0.0,0451173376,22
0.0,0812511069,22
0.0,0451166604,22
0.0,0671737821,22
0.0,0451163532,22
0.0,0451162188,22
0.0,1853260150,22
0.0,0671737635,22
7.0,034540288X,22
0.0,0671737627,22
9.0,0316569321,22
0.0,0821773682,22
0.0,0385336314,22
9.0,0312305060,22
0.0,0812589718,22
0.0,038549744X,22
0.0,1853260282,22
0.0,0385333404,22
0.0,0385333064,22
0.0,0821768379,22
8.0,0099771519,22
0.0,0590477412,22
0.0,0590477420,22
0.0,0842332340,22
0.0,0786889004,22
0.0,0312955731,22
5.0,0312278586,22
0.0,0380817152,22
0.0,0380815923,22
9.0,1400031354,22
0.0,0380812037,22
0.0,031231616X,22
9.0,0439064864,22
0.0,0380808307,22
0.0,055380250X,22
0.0,038080719X,22
0.0,0446602345,22
9.0,0440236703,22
0.0,0590483552,22
0.0,0141001771,22
0.0,0874778883,22
9.0,044651652X,22
0.0,0140430113,22
0.0,0446527297,22
8.0,037541309X,22
7.0,0375725784,22
0.0,0590494473,22
5.0,0440214041,22
0.0,0671657860,22
0.0,0452272971,22
0.0,0312952813,22
0.0,0020442602,22
0.0,0020446500,22
0.0,0451203054,22
0.0,0312179405,22
0.0,0451203933,22
8.0,0312995423,22
0.0,0842373195,22
10.0,0446610038,22
0.0,0449003701,22
0.0,0449002640,22
0.0,1853260622,22
0.0,0448095017,22
0.0,0451408462,22
5.0,0140293248,22
0.0,0451408845,22
0.0,0143035002,22
0.0,0380818760,22
0.0,0446677450,22
0.0,0446612944,22
0.0,0312264372,22
0.0,0394577892,22
0.0,0451456521,22
10.0,0425152251,22
0.0,0141301155,22
0.0,0141301058,22
0.0,0590483471,22
0.0,0380819724,22
0.0,0590483498,22
10.0,051513287X,22
0.0,0060972459,22
0.0,0140122060,22
0.0,0553270540,22
0.0,0553252828,22
0.0,0061031755,22
0.0,0061093653,22
0.0,0553561367,22
8.0,0449219364,22
0.0,0671007718,22
0.0,0061094595,22
0.0,0671039830,22
0.0,006109594X,22
0.0,0060958014,22
0.0,0345373529,22
0.0,0553275100,22
0.0,0679771476,22
0.0,0373710992,22
0.0,0679450408,22
0.0,0553272616,22
0.0,0425164349,22
0.0,1573220876,22
0.0,0553274554,22
0.0,0552998931,22
9.0,068484267X,22
0.0,0061097306,22
0.0,0553251139,22
0.0,0061032077,22
0.0,055334949X,22
0.0,0425155064,22
0.0,0439050006,22
0.0,0425141551,22
0.0,0061090891,22
0.0,1573225126,22
0.0,0553212451,22
0.0,0671028022,22
0.0,0345348656,22
8.0,0671793489,22
7.0,0060987103,22
0.0,0679732764,22
0.0,0671027646,22
0.0,0679732241,22
0.0,0671032658,22
0.0,0425194493,22
0.0,0061092177,22
8.0,0786867647,22
0.0,0670892084,22
0.0,0345400003,22
7.0,0385498802,22
0.0,0425190919,22
0.0,0060393823,22
0.0,0061000078,22
0.0,0061094234,22
0.0,0553284673,22
9.0,0804114986,22
0.0,0060981180,22
0.0,0553278118,22
0.0,0671015648,22
0.0,0553283545,22
0.0,0060972920,22
0.0,042518000X,21
0.0,0886773849,21
0.0,0679728899,21
0.0,0140348107,21
0.0,0553584707,21
0.0,0553584367,21
0.0,0060977477,21
8.0,0142001805,21
0.0,0385335679,21
0.0,0425174344,21
0.0,044651974X,21
0.0,0451177037,21
9.0,0446608955,21
0.0,0425147746,21
9.0,0671727796,21
0.0,0743464672,21
10.0,0525947647,21
0.0,0452281881,21
0.0,0380778785,21
0.0,0812551486,21
0.0,0812551478,21
5.0,044022165X,21
0.0,0312910517,21
0.0,0553239813,21
0.0,0880381744,21
0.0,0345362721,21
9.0,0439139597,21
0.0,0446605336,21
8.0,0345413350,21
8.0,0345413903,21
0.0,1853260002,21
0.0,0679722319,21
0.0,0380807866,21
0.0,0590483544,21
0.0,0345363310,21
0.0,0425156842,21
0.0,0553348981,21
0.0,0890438439,21
0.0,0345362276,21
0.0,0451821971,21
0.0,0553282352,21
0.0,0345456939,21
0.0,0060923245,21
0.0,0452261368,21
0.0,0385335466,21
0.0,0140430032,21
0.0,0553800973,21
9.0,0312282990,21
5.0,0440224764,21
0.0,0743453476,21
0.0,0345384687,21
0.0,0743454529,21
0.0,0312983387,21
0.0,0380726289,21
10.0,0312980140,21
0.0,0312985207,21
10.0,1558745157,21
0.0,0425143341,21
0.0,0060542845,21
0.0,0671537865,21
8.0,140003065X,21
0.0,0373290608,21
0.0,0812532597,21
0.0,0345346971,21
0.0,038072152X,21
0.0,0345346491,21
0.0,0553286390,21
0.0,0441089348,21
0.0,0451174291,21
9.0,1558743669,21
7.0,0345380371,21
0.0,0743230051,21
0.0,0380715430,21
0.0,0425140318,21
0.0,0441005241,21
0.0,0345384911,21
0.0,038072975X,21
8.0,0446670251,21
0.0,0380757478,21
0.0,0553282204,21
8.0,0380710218,21
10.0,0399144463,21
7.0,0345351525,21
0.0,0446362921,21
0.0,0446360732,21
7.0,0449003795,21
8.0,0449003795,21
0.0,0446356611,21
0.0,0743428595,21
0.0,0812548094,21
8.0,0385510438,21
0.0,0380756285,21
8.0,0802139256,21
0.0,0446350419,21
0.0,0679425136,21
0.0,0743418719,21
0.0,0486280616,21
10.0,002542730X,21
8.0,0385472951,21
0.0,0312980388,21
0.0,1573223328,21
0.0,0061031844,21
10.0,0671001795,21
0.0,0449219615,21
0.0,0451201744,21
0.0,0553293354,21
8.0,0060929871,21
9.0,0679745203,21
9.0,1573225789,21
8.0,0060922532,21
8.0,0671004107,21
0.0,0449209598,21
0.0,0671702513,21
0.0,0061006629,21
9.0,0679746048,21
0.0,0821772279,21
7.0,0679429220,21
0.0,0451523369,21
0.0,0061007129,21
0.0,0061007161,21
0.0,0449904067,21
0.0,0671782525,21
0.0,0786889322,21
0.0,0425179184,21
8.0,0312983867,21
0.0,0060987324,21
0.0,0061012513,21
0.0,0786884622,21
7.0,0316899984,21
0.0,1580628362,21
9.0,0380977788,21
0.0,080411787X,21
8.0,0060987529,21
8.0,067088300X,21
0.0,0804107386,21
0.0,0671025341,21
10.0,0440224764,21
0.0,0449222713,21
0.0,0425181456,21
9.0,0099771519,21
0.0,0393050939,21
9.0,0375707972,21
5.0,006101351X,21
0.0,0449216411,21
0.0,0590477447,21
0.0,037322706X,21
0.0,0802137008,21
6.0,0375707972,21
0.0,006091307X,21
0.0,0802131786,21
0.0,0802130348,21
0.0,0385297661,21
0.0,0836220870,21
0.0,0393312836,21
10.0,0446520802,21
0.0,0451197038,21
0.0,0312130279,21
0.0,0671787551,21
0.0,0425162486,21
0.0,0380711532,21
0.0,0671729462,21
0.0,0380973464,21
0.0,0312270801,21
0.0,0380899361,21
0.0,0020519001,21
0.0,0425187063,21
0.0,0553282085,21
0.0,0860681297,21
10.0,0375706771,21
0.0,0380865610,21
0.0,0671794507,21
0.0,3423202327,21
0.0,0425158608,21
0.0,0425157628,21
0.0,0380819635,21
0.0,0425157547,21
8.0,0553279912,21
0.0,0020442009,21
7.0,0440226104,21
0.0,0571154913,21
0.0,0446608386,21
0.0,067168972X,21
8.0,034538475X,21
6.0,0671027360,21
0.0,0394574745,21
0.0,0786869216,21
0.0,0778320286,21
0.0,0449006557,21
0.0,0553281747,21
0.0,0451206878,21
0.0,0786863986,21
8.0,0316666009,21
0.0,0312140940,21
0.0,067169863X,21
0.0,0786863137,21
0.0,0451208080,21
0.0,0590409433,21
8.0,0316780375,21
0.0,0786817089,21
0.0,0151006903,21
0.0,0061020648,21
0.0,0061020699,21
0.0,0590371258,21
0.0,0425160394,21
7.0,0060930535,21
0.0,0345369068,21
0.0,0449910830,21
0.0,0394558235,21
0.0,0671695185,21
0.0,082175856X,21
8.0,0446610399,21
0.0,0671656155,21
8.0,0446607657,21
0.0,0380558890,21
0.0,068419337X,21
0.0,0064400034,21
0.0,0375724834,21
5.0,067976402X,21
0.0,0679776591,21
0.0,0684864843,21
0.0,0688177867,21
0.0,0684872730,21
0.0,0374480095,21
7.0,0385503822,21
0.0,1551669315,21
8.0,0812550706,21
0.0,039915079X,21
0.0,0440224039,21
7.0,0380731851,21
0.0,0440235804,21
7.0,080410753X,21
0.0,043942089X,21
0.0,1880418568,21
0.0,0425060772,21
0.0,1551660520,21
0.0,155166738X,21
0.0,051512768X,21
0.0,0679785892,21
0.0,1551669625,21
0.0,1551667401,21
0.0,0553560468,21
0.0,0380005239,21
0.0,0523422377,21
0.0,0679781277,21
7.0,0399501487,21
0.0,0440220440,21
0.0,0440220459,21
0.0,0345435648,21
0.0,0440121353,21
0.0,0060002492,21
0.0,0425132625,21
0.0,0061095869,21
0.0,0375708111,21
0.0,0374525641,21
0.0,0425050017,21
0.0,0525934251,21
8.0,0439139597,21
0.0,042513024X,21
0.0,0345339495,21
0.0,0553211439,21
0.0,055357339X,21
0.0,1551664313,21
8.0,0553582747,21
0.0,0515125024,21
0.0,0440972329,21
0.0,006000925X,21
0.0,1844261085,21
0.0,0440222877,21
0.0,0064473627,21
0.0,1551665107,21
0.0,0061091995,21
0.0,0670851086,21
7.0,0380789035,21
0.0,0061099368,21
0.0,0671028030,21
0.0,0064408663,21
9.0,0525947647,21
0.0,0671042513,21
7.0,0553280341,21
0.0,0440222702,21
0.0,0679745653,21
0.0,0684803860,21
0.0,0061092819,21
0.0,0590997262,21
0.0,1400033543,21
0.0,0345427653,21
7.0,043935806X,20
8.0,0553579754,20
0.0,0451210638,20
0.0,0451208188,20
8.0,0449221482,20
8.0,0515131229,20
0.0,0345464958,20
0.0,0449125092,20
0.0,0070064601,20
0.0,0312140908,20
0.0,0842332359,20
0.0,0425184234,20
10.0,0439425220,20
0.0,0373250452,20
0.0,0451203070,20
0.0,0515134120,20
7.0,0385265700,20
0.0,0684859726,20
0.0,0449132064,20
0.0,0451205073,20
8.0,0440414806,20
0.0,0451205758,20
0.0,0385240406,20
0.0,0449005410,20
0.0,0515131210,20
0.0,0786864672,20
0.0,0684867974,20
0.0,0345370066,20
0.0,0312240910,20
0.0,0590406205,20
0.0,0141301104,20
0.0,0515125490,20
0.0,0140014845,20
7.0,0312305060,20
10.0,0385335881,20
0.0,0679410325,20
0.0,0553256971,20
0.0,0553297996,20
0.0,0425157164,20
0.0,0689829833,20
0.0,0618173870,20
0.0,0618002227,20
0.0,0345365208,20
0.0,0380815583,20
0.0,0380815575,20
0.0,0671686151,20
0.0,0312303467,20
0.0,1576730360,20
0.0,0515124206,20
0.0,0446608122,20
0.0,0765341174,20
0.0,0765340747,20
0.0,1551668726,20
0.0,0380812010,20
0.0,0345432479,20
0.0,0679721819,20
0.0,0345394267,20
0.0,0399151613,20
0.0,038000741X,20
0.0,0553573357,20
8.0,0449219461,20
0.0,0151010633,20
0.0,0440225442,20
0.0,0843947810,20
0.0,0843947888,20
0.0,0340401486,20
0.0,0843950463,20
0.0,0451410157,20
10.0,080410526X,20
8.0,0316969680,20
0.0,0786889047,20
8.0,0060096195,20
0.0,0688156134,20
0.0,0312253435,20
0.0,0778320294,20
0.0,0679760806,20
0.0,0671694049,20
8.0,068484267X,20
0.0,0440234859,20
0.0,0446611751,20
0.0,0380899531,20
9.0,0425154092,20
0.0,006103018X,20
10.0,0618002235,20
0.0,0061093890,20
0.0,0671700103,20
0.0,0375757147,20
0.0,0679454454,20
0.0,0671729489,20
0.0,0385335431,20
0.0,0060511508,20
0.0,0061097934,20
0.0,0060830956,20
0.0,0590452037,20
0.0,0385501412,20
8.0,0743418204,20
0.0,0671742558,20
8.0,0679751521,20
9.0,014028009X,20
0.0,082175758X,20
0.0,0385334710,20
0.0,0440208149,20
0.0,0821762982,20
7.0,0316969680,20
0.0,0345422589,20
0.0,0385333137,20
6.0,0671510053,20
0.0,0060512377,20
0.0,0449908747,20
0.0,0451184734,20
0.0,0525945180,20
0.0,0805019359,20
0.0,0060988258,20
0.0,0064400042,20
7.0,0425162443,20
0.0,0373483554,20
0.0,0451185633,20
0.0,0028604202,20
0.0,044017158X,20
0.0,0671039970,20
0.0,0375412115,20
0.0,0451167716,20
10.0,0380789019,20
7.0,059035342X,20
0.0,0671039946,20
0.0,0812507452,20
0.0,1853260053,20
0.0,0553288202,20
0.0,0440156637,20
0.0,0440194903,20
0.0,0440201322,20
0.0,034531221X,20
0.0,067103992X,20
0.0,0385491034,20
0.0,0425176169,20
0.0,0671741454,20
0.0,0451179153,20
0.0,0375410546,20
0.0,0451179803,20
0.0,0451179900,20
0.0,0385491050,20
0.0,0811801802,20
0.0,0671016784,20
0.0,0525945121,20
0.0,0449238946,20
8.0,0449907481,20
0.0,0413588106,20
0.0,0449215946,20
0.0,0802132952,20
0.0,0684834731,20
9.0,0380731851,20
10.0,0553250531,20
0.0,0375724672,20
0.0,0373250150,20
0.0,0393316009,20
8.0,0452283205,20
0.0,0440114764,20
0.0,0671704656,20
8.0,0060958022,20
0.0,0451198638,20
0.0,0373250258,20
0.0,0446605980,20
0.0,0842314296,20
0.0,0449209997,20
0.0,0064407691,20
0.0,0061096083,20
0.0,0786890053,20
0.0,0449206610,20
0.0,0786889624,20
0.0,0064410129,20
0.0,0451202538,20
0.0,0684853949,20
5.0,0446606812,20
0.0,0671749609,20
0.0,0804119120,20
0.0,0064403688,20
0.0,0671743074,20
0.0,0060090383,20
0.0,0671729403,20
0.0,1860461670,20
0.0,0553568779,20
0.0,0451187741,20
0.0,0821776118,20
0.0,0373242328,20
0.0,0375503943,20
0.0,0671726730,20
0.0,0060952970,20
0.0,0385315279,20
0.0,0385315090,20
0.0,0060513640,20
0.0,0385314280,20
0.0,0449219380,20
10.0,0140042393,20
0.0,0385310161,20
9.0,006101351X,20
0.0,0679441557,20
0.0,0553277839,20
0.0,0553277405,20
8.0,0062502182,20
0.0,0449217191,20
0.0,0156029987,20
0.0,0020427859,20
0.0,0440173507,20
0.0,0590483528,20
0.0,1551664976,20
0.0,0446516325,20
0.0,0743457463,20
7.0,0671027387,20
0.0,0061054887,20
0.0,0452283914,20
10.0,0312305060,20
0.0,0140278826,20
0.0,042512892X,20
0.0,0743455967,20
7.0,0440225701,20
0.0,006017613X,20
0.0,0553212540,20
0.0,2290311782,20
10.0,0060916508,20
0.0,0553578901,20
0.0,0380728249,20
5.0,0345337662,20
0.0,0380769840,20
0.0,0060562773,20
0.0,0440407079,20
0.0,0553583085,20
0.0,055323336X,20
0.0,0671028006,20
0.0,039480001X,20
0.0,0312950586,20
0.0,0399145079,20
9.0,0842329129,20
0.0,0061044431,20
8.0,0786885688,20
0.0,0345447859,20
0.0,0590897985,20
0.0,0886775507,20
10.0,0060959037,20
0.0,0060184957,20
0.0,3257227809,20
0.0,0380603926,20
10.0,038549081X,20
0.0,0380782340,20
0.0,0312979975,20
0.0,0671525751,20
0.0,0671003348,20
0.0,0553576003,20
9.0,0451166892,20
0.0,0743444329,20
6.0,0743418174,20
0.0,0671644475,20
0.0,0590568744,20
0.0,0590568752,20
0.0,0553579525,20
0.0,0590568779,20
10.0,0553279912,20
0.0,0743422732,20
8.0,038550120X,20
0.0,0345443128,20
0.0,0316314641,20
0.0,0590568825,20
0.0,0553575244,20
0.0,0446351709,20
0.0,0553575937,20
8.0,0515135062,20
7.0,0671042858,20
0.0,0899193625,20
0.0,0486278077,20
0.0,0099993805,20
0.0,0486282112,20
8.0,0385420161,20
0.0,0743424425,20
0.0,0446355453,20
0.0,0140259198,20
0.0,0060534044,20
0.0,0915811006,20
0.0,0446358592,20
0.0,0553581767,20
0.0,0140131612,20
0.0,0446300101,20
0.0,0553205315,20
0.0,038073186X,20
8.0,0553250426,20
0.0,060980877X,20
0.0,0553213415,20
0.0,0446357200,20
0.0,0553581147,20
0.0,0894718207,20
0.0,0380762595,20
0.0,0380732661,20
0.0,0553205587,20
0.0,0060558199,20
0.0,0446301582,20
0.0,0743411943,20
10.0,0375725784,20
0.0,0312979983,20
0.0,0747257833,20
0.0,0380506092,20
0.0,067187120X,20
8.0,0425182878,20
0.0,0671871005,20
0.0,0446600466,20
8.0,0345446860,20
0.0,0060959355,20
0.0,0061032042,20
0.0,0316812471,20
0.0,0380423901,20
0.0,0380718367,20
0.0,0886773520,20
0.0,0440904196,20
0.0,0671673653,20
0.0,0962197963,20
0.0,0671670913,20
0.0,0440241111,20
8.0,0425122123,20
0.0,0345360354,20
0.0,0590629808,20
0.0,0451527747,20
0.0,0446602744,20
8.0,0425180638,20
0.0,0312421435,20
0.0,1551668637,20
0.0,0380811065,20
9.0,0553272535,20
0.0,0020418809,20
0.0,0425136612,20
0.0,0446603503,20
7.0,0425180638,20
0.0,0441001866,20
0.0,1551668432,20
9.0,0440226104,20
6.0,0440226430,20
0.0,087113795X,20
0.0,0380400634,20
0.0,0441003389,20
0.0,0671799045,20
0.0,0060922249,20
0.0,0446603066,20
8.0,0345436911,20
0.0,0345452577,20
0.0,0399146504,20
0.0,0446523321,20
0.0,0671523074,20
0.0,0452264790,20
0.0,034540047X,20
0.0,0380794489,20
0.0,0679741666,20
0.0,0061092800,20
0.0,0345407288,20
0.0,038071972X,20
0.0,0060924349,20
0.0,0553208225,20
0.0,0440505712,20
0.0,0943233437,20
5.0,0345370775,20
0.0,0380570009,20
0.0,038079439X,20
5.0,044021145X,20
10.0,0553572997,20
0.0,0380720477,20
